date,user_id,event_name,mobile_os_type,version
2019-12-30,0741d2813527501f6c9fd2c66bd59c0e,push_received,U683CL,11.3.1
2019-12-31,f5d1bd9f7a7be974367019665910989e,push_received,U683CL,11.3.1
2019-12-30,325b61cf1c4dc2a51eaf7ded19a48d98,push_received,U683CL,11.3.0
2019-12-31,ad32a2073e48423c2cd7ff3da30065d8,screen_view,U683CL,11.3.1
2019-12-31,05663e0cfd5550ea2777f28c90af7b7b,push_received,U683CL,11.3.1
2019-12-31,8d2f1bc552b468bc198fd4a6de083d99,push_received,U683CL,11.3.1
2019-12-31,d5474118fa090055700c297c22bd0721,push_received,L51,11.3.1
2019-12-30,00782a9c129f1e95326d9d9a7fc4b5c5,model_view,U683CL,11.3.1
2019-12-30,d1eddaa0dcfbfda8e2b0614ae6561acc,push_received,U683CL,11.3.1
2019-12-30,076ed1ad2e193da40fc32f37db2fa01e,user_engagement,L51,11.3.0
2019-12-31,7df88314dc96429d7f8af2ba3b7a7439,push_received,U683CL,11.3.1
2019-12-30,0ba79b098ee9fe0176a2c7eaa8fc8019,push_received,U683CL,11.3.1
2019-12-30,bb769683ae5a424402f346b0bc105fac,push_received,L51,11.3.1
2019-12-31,4a59ce05450218b1f0c79dff4ad7e9a4,push_received,U683CL,11.3.1
2019-12-31,c1c06c27b04d6b90c1dcaddffb1d2162,push_received,U683CL,11.3.1
2019-12-30,5535bfbd7dd13f316df6c6e12f66cfc9,push_received,U683CL,11.3.1
2019-12-30,ba0670e021fdb52ece73581ffadd9cb1,push_received,L51,11.3.1
2019-12-31,4a679ff10584e3780fa50705e3eb3069,push_received,U683CL,11.3.1
2019-12-31,b0895ec7104815058531ed4620b9123d,top_news_swipe,U683CL,11.3.1
2019-12-30,26540a8856fcbd60b2fa0f4cb8dcf48d,push_received,U683CL,11.3.1
2019-12-31,48576502bc109f53ccaea78c1aaf8301,user_engagement,U683CL,11.3.1
2019-12-31,fcefd5ccc0573b3483d9aa143d2b30b1,push_received,U683CL,11.3.1
2019-12-31,3b59a91af051f7e4319adc3c25e2b38c,push_received,U683CL,11.3.0
2019-12-31,6fd60c2c2a7b6ecb7a001c41cf5a6be8,push_received,L51,11.3.1
2019-12-30,c6e61a0ed304689a51d58808cb76dd38,push_received,U683CL,11.3.1
2019-12-30,e3a9e67e0cdc8f3d527b882d5ba3d45a,screen_view,U683CL,11.3.1
2019-12-31,13e5ca19f8a96d43e517b6f66c2d85ac,push_received,L51,11.3.1
2019-12-30,77938301c4fca32d751105a862e5fa96,push_received,U683CL,11.3.1
2019-12-31,5b9357dde2d33e6a55cbb947d8803f60,push_received,U683CL,11.3.1
2019-12-31,5b636b467a1b10c588ceaebe35d0cd37,push_received,L51,11.3.1
2019-12-30,466d9c7a163ba123347f960b8318ec1d,push_received,L51,11.3.1
2019-12-30,e3448d922a11d5ad332e73c2dd9b8d1a,push_received,L51,11.3.1
2019-12-30,f2135efdb862342e266537c6588cedbb,push_received,U683CL,11.3.1
2019-12-30,693411c3774055d946768bc426a6e552,push_received,U683CL,11.3.1
2019-12-30,232ef0be7297abb48f9c56d4cb202cb4,screen_view,U683CL,11.3.1
2019-12-30,9242e62cf67755532f4cdb4e9d8c4c00,push_received,L51,11.3.1
2019-12-31,35e474730c44ef3fe78528abbafbdbd9,push_received,L51,11.3.1
2019-12-31,f61b7f5a23da7b0f6633ef30c3ba09b1,push_received,L51,11.3.1
2019-12-30,e23ccb22b8a1b7d4a548e1a19ca7981b,push_received,U683CL,11.3.1
2019-12-31,36390ad8d7f7348d56499e5c9104bd3e,session_start,U683CL,11.3.1
2019-12-30,cdf4767a1b8a33eae5204e924ccf55c6,push_received,U683CL,11.3.1
2019-12-31,549ae1481b28d9dbf990990dcf9e6cad,push_received,L51,11.3.1
2019-12-30,a436655d354ef49e6e4cc8a74eb56a94,settings_clicked,U683CL,11.3.1
2019-12-31,6e20cad581db5b445156ea21e1c63a0f,app_update,U683CL,11.3.1
2019-12-31,a7e5d06ce0a2690f604b0d22ae6f8fc8,push_received,U683CL,11.3.1
2019-12-30,1cb941e2c80c3fc773053f85c22ca5ec,push_received,U683CL,11.3.1
2019-12-31,c33bd9fc0672156287bf630e96b29b86,push_received,L51,11.3.1
2019-12-30,a9a1867fa56d8e6a4d3482490a43b00a,push_received,L51,11.3.0
2019-12-31,cee634e0db2731d384227be785e9efbf,push_received,U683CL,11.3.0
2019-12-30,6bf292ac8ae4244116d6ef63f9d2d748,push_received,U683CL,11.3.1
2019-12-30,99fd9b4d272a054e2792976a2125d1ff,push_received,U683CL,11.3.1
2019-12-30,d075edc534885878447dd455a671be5b,user_engagement,U683CL,11.3.1
2019-12-30,2960d87b7d8ba34b55384867d0907f14,push_received,U683CL,11.3.1
2019-12-30,d2140a85f16c94d613ddfba28306f154,push_received,L51,11.3.1
2019-12-30,9b9dfb3ed44b811331e746c8d8972637,push_received,U683CL,11.3.1
2019-12-31,4ef8f2f7d6082e8efa036ece067ef44c,push_clicked,U683CL,11.3.1
2019-12-31,0f1653091bc5ce210bf63a0863a8463a,push_received,U683CL,11.3.1
2019-12-30,aff6ef9266d8cd7f4ef0711b59e6661b,push_received,L51,11.3.1
2019-12-30,0ccf9328319f1a4ccf81f6443bbb0229,push_received,U683CL,11.3.1
2019-12-31,d24ea0219ef010f166c5e2c61fdce9fc,push_received,U683CL,11.3.1
2019-12-31,ede521b27088dc0faad0bb9718597e87,push_received,U683CL,11.3.1
2019-12-30,fad76dabab32c5fcfab28da7a949b7c3,push_received,U683CL,11.3.0
2019-12-31,44faa68f20e0a5587f3750d336dac568,push_received,L51,11.3.1
2019-12-31,01082088d1a07f5a2fad9419c2fa4b0f,push_received,U683CL,11.3.1
2019-12-31,bda8b1dde42e90d7186c576d129a564a,push_received,U683CL,11.3.1
2019-12-30,d3dc9b92a9fc3db3eea01f160bf44e32,top_news_swipe,U683CL,11.3.1
2019-12-30,f1ef45b3ac834e96d46f441ca30105bf,push_clicked,U683CL,11.3.1
2019-12-31,dc4919ed22e88315ddcd47cb0c97947e,push_received,U683CL,11.3.1
2019-12-31,2556835a59b920c16bc64eb49133e117,push_received,U683CL,11.3.0
2019-12-31,3066a87ddd5ea7d2807b95f711cc3ba8,push_received,U683CL,11.3.1
2019-12-31,544ba905963e903e4ed088aeca161327,push_received,U683CL,11.3.1
2019-12-31,c93695a8b3676615d2eb78c11b599844,push_received,U683CL,11.3.1
2019-12-30,dab591294b6be09932fca1c2296ff245,user_engagement,L51,11.3.1
2019-12-31,0b8ac37a4a10ed1e94d3a026caf0b860,push_received,U683CL,11.3.1
2019-12-31,0bf566cde072c5b81854a54656650119,push_received,U683CL,11.3.1
2019-12-30,ef460e8a153b119ff2f313c44bee8bec,push_received,U683CL,11.3.1
2019-12-30,872e4f2f6f0de47dcd8d0d3187eef5e0,push_received,U683CL,11.3.1
2019-12-30,89c9575c66c478ba5836c2fe6264ed34,push_received,U683CL,11.3.1
2019-12-31,0b2c26db669618c0dfb36fe6af58f67f,user_engagement,U683CL,11.3.1
2019-12-30,1dd9fee3e393037b958433d637f75f2d,push_received,U683CL,11.3.1
2019-12-30,5515b1a8ed60963d9a1840ef6e561790,push_received,U683CL,11.3.1
2019-12-31,bf59c83bed4443dc3ed56c68aef1ea26,push_received,L51,11.3.1
2019-12-31,81100c2afa88e2afa430042e355e5ae1,push_received,U683CL,11.3.0
2019-12-30,96fe5592ec79d07160b93b062f8250a1,push_received,U683CL,11.3.1
2019-12-30,b4295033bb2d1fc9d10af7f2714f1e22,push_received,U683CL,11.3.1
2019-12-31,daf191185c5bc211c1a616486be6ae3a,push_received,L51,11.3.1
2019-12-30,df798444a3adf23701daaa7e581e43f3,push_received,U683CL,11.3.1
2019-12-31,7921a1bfdb90f0f879ba264e434791d9,push_received,U683CL,11.3.1
2019-12-31,f208dc7ad1c855ce09dedf546608a78a,push_received,U683CL,11.3.1
2019-12-31,dd166767329cf820f92ce381943ec9bb,push_received,U683CL,11.3.1
2019-12-30,7ecf5604d0c6a1cdec352127b26ecd11,push_received,L51,11.3.1
2019-12-30,b023eb5cfccbaaee4d838836652a902f,user_engagement,L51,11.3.1
2019-12-31,e00721378e225cc0be57c63fc9bccd43,user_engagement,U683CL,11.3.1
2019-12-31,c89c5414fef6b2638c1ba9b883c1ae0c,push_received,U683CL,11.3.0
2019-12-30,54dee52b1b115aed096b497f9f3d44cc,push_received,U683CL,11.3.1
2019-12-30,16c610448f7917d5794e6e139600fed2,push_clicked,U683CL,11.3.1
2019-12-31,8f59008d54913f7167f9e96196df6083,push_received,U683CL,11.3.1
2019-12-31,7a5e853dd703df5c37c28855ac052d57,push_received,U683CL,11.3.1
2019-12-30,acb4acaa8514cf056615c15bd51583d4,push_received,L51,11.3.1
2019-12-31,a14b443a524c8e70c3e19f39594d9ef8,push_received,U683CL,11.3.1
2019-12-31,c8eb742e480b877411e4cc89299de50d,push_received,U683CL,11.3.1
2019-12-30,757be59ff3864e05ecb13c1e0738aed4,push_received,U683CL,11.3.1
2019-12-31,b2306b56457c89e0b1885ef39f0e1b21,push_received,U683CL,11.3.1
2019-12-31,185c12d59c87cadac92f946eb742e937,push_received,U683CL,11.3.1
2019-12-30,70e3515e9cd5b8eacd97b1ad8261ea0f,user_engagement,U683CL,11.3.1
2019-12-30,39588c9a00490bd4aae929c7d1ad1cec,push_received,U683CL,11.3.1
2019-12-30,d2355a91bc0f89ad39a12f7ef7993622,push_received,L51,11.3.1
2019-12-31,e519d2cfec2a5a051d78d87917bbe739,screen_view,U683CL,11.3.1
2019-12-30,f2ee73108d46e3d7e50b995d52b20854,push_received,U683CL,11.3.1
2019-12-30,163599b4034ea768a1a724e3e4b96421,push_received,U683CL,11.3.1
2019-12-31,0be77871dcc788d720805c11e1f98df7,push_received,U683CL,11.3.1
2019-12-31,901e3bf79be6ff0644c1ecee928aca73,push_received,U683CL,11.3.1
2019-12-30,522dd80c1359a383ca5e6cbbc7c293c0,screen_view,U683CL,11.3.0
2019-12-31,25768c595814f7750c9954142efa826c,push_received,U683CL,11.3.1
2019-12-31,bf062d81a6317f6ff5d5ad299dd381a3,push_received,U683CL,11.3.1
2019-12-30,a2760cf757a12ecb680b13ee77bd4d7c,user_engagement,U683CL,11.3.1
2019-12-30,f91d80cece26516e0c54f94c34652358,push_received,U683CL,11.3.0
2019-12-30,778507366ad564302bab564a2e289932,push_received,U683CL,11.3.1
2019-12-31,f108c859e1983fc98ff7c4a95b681b83,push_received,U683CL,11.3.1
2019-12-30,088cf60228d31b280476126258370a6c,push_received,L51,11.3.1
2019-12-30,f8484b0f6febefc9756f419bf0d08fa3,push_received,L51,11.3.1
2019-12-31,6c69bd1c0812d81d93ff234a5b69ed54,user_engagement,L51,11.3.1
2019-12-31,d98a4c6b7d86da953b2db1e4f842ec41,push_received,U683CL,11.3.1
2019-12-31,70c0233fa0eb7c102f23c4bb1e908222,push_clicked,U683CL,11.3.1
2019-12-30,8a1443d51e5635472951112bafe138f9,push_received,L51,11.3.1
2019-12-31,66eda85cebeee57d44d8c3808a2010ce,session_start,U683CL,11.3.1
2019-12-31,a6678e4b524079d970c56db9ac8869ff,push_received,L51,11.3.1
2019-12-31,fd7b41b9c03a7fcbdd003aa6f5711c01,screen_view,U683CL,11.3.1
2019-12-31,fb20e1fd83ffc1927f446fa05e7ec9eb,user_engagement,U683CL,11.3.1
2019-12-31,55ce988d4d37ed9b030579a1e6a2e768,push_received,U683CL,11.3.1
2019-12-31,2ed43e6372fd525c6f13c8a5ddc0e6ae,push_received,U683CL,11.3.1
2019-12-30,7b4b0905728f72876eddfc8ec71b5c69,push_received,L51,11.3.1
2019-12-31,8fa818a816870f6b34db32a8c5d61ee1,push_received,U683CL,11.3.1
2019-12-31,7d04b3d034864ace25bb79dd55137276,push_received,L51,11.3.1
2019-12-31,ca2ad3684c788590af13ce191a0b8248,push_received,U683CL,11.3.1
2019-12-30,6e02789f142b305468a6b11b57f95e0f,push_received,L51,11.3.1
2019-12-31,71b94f8dbc1c9bfcae6aeda6369c8061,user_engagement,L51,11.3.1
2019-12-31,8dffd51bcc0f3abd7b8073b15cff82ba,dynamic_item_clicked,U683CL,11.3.1
2019-12-31,20d79dc832489b3f69cb92bbc2dc0541,push_received,L51,11.3.1
2019-12-31,7eb68e98e9ee557caeddd08893714abf,model_view,U683CL,11.3.1
2019-12-31,38572417a073e8f05229ac0cf4a0a383,push_received,U683CL,11.3.1
2019-12-31,517a0bc50fa781d6a654dfce8d6fe840,push_received,U683CL,11.3.1
2019-12-30,c7aff1ac60779546c03f8b396877c235,push_received,U683CL,11.3.1
2019-12-30,70fbf853b03a33715d3578f5961e6aad,push_received,L51,11.3.1
2019-12-30,dbda2cee3153baf65416c61970a6450a,user_engagement,U683CL,11.3.1
2019-12-30,dacf267495d8c131dc6487772f67c7f9,push_received,U683CL,11.3.1
2019-12-31,7ba08a43195fde394b92c551f723817e,push_received,U683CL,11.3.1
2019-12-30,ba7935d52068769e8e8671ae663be981,push_received,U683CL,11.3.1
2019-12-31,55348821514bd61a0a3ed95f6af7de56,push_received,U683CL,11.3.1
2019-12-30,bb97ad7e1d4064aa83cc8fca5239004a,push_received,U683CL,11.3.1
2019-12-30,83b4a8aa4927cb657339077686ef1650,push_received,U683CL,11.3.1
2019-12-31,da1ea8a1eb5b274b47dd3a1096bb1372,push_received,U683CL,11.3.1
2019-12-31,cf0742dde8b7a7448cc0172c4274c842,push_received,U683CL,11.3.1
2019-12-31,67d2c51b9f027fe9bf441f1b2b0f00e8,push_received,U683CL,11.3.1
2019-12-31,45a2ab8152d611e4f99a1eeca683675f,push_received,U683CL,11.3.1
2019-12-31,92844abab79b1a7b9735b275ecf29141,push_received,U683CL,11.3.1
2019-12-30,fcc8f4c4893c4bb583c4c254c38cebb5,push_received,U683CL,11.3.1
2019-12-30,308593f07fc0555d5aaa63c1e1955551,push_received,U683CL,11.3.1
2019-12-31,da57624ff00dfe3df4d93d1f7fee4ea1,push_received,U683CL,11.3.1
2019-12-31,03359c83dcf1fad45a36fce3102883bb,push_received,U683CL,11.3.1
2019-12-30,84d04620eb38113687cc038a87209207,push_received,U683CL,11.3.1
2019-12-31,25938fc695e8a347a3f7a7477994ec08,push_received,U683CL,11.3.1
2019-12-31,12c09dadb5b12fcbe3e3b34b3128fc19,push_received,L51,11.3.1
2019-12-31,9a3dd817424c4ac9c812e455ea792538,push_received,U683CL,11.3.1
2019-12-30,3ad513de2ff96555964290d166cf009a,push_received,U683CL,11.3.1
2019-12-31,4b1f2d4a4d5a244a9f70292e0e27fb03,push_received,U683CL,11.3.1
2019-12-31,c48730ef0e73f4d4f14df9b07fa5fdbb,push_received,U683CL,11.3.1
2019-12-31,9a4c611c57d0266b936a07917afe99f6,push_received,U683CL,11.3.1
2019-12-31,25dbd1bf113d7516fdc51770aa8bf8ee,push_received,U683CL,11.3.1
2019-12-31,60b75e08ad8d0e9099d0561463fe83f3,push_received,U683CL,11.3.1
2019-12-30,494a5bcac4b8cc9a9e05ba2448897855,push_received,U683CL,11.3.1
2019-12-31,44b21678f447bcdb630e380fe69fbb66,push_received,U683CL,11.3.1
2019-12-30,823a9efb5de1710eba71ee1491118ed7,push_received,L51,11.3.1
2019-12-31,3f056f15a7a144d86dac8e2b910f4965,push_received,L51,11.3.1
2019-12-30,f2dc1531c357534082a0f9d03d5ce9ff,push_received,U683CL,11.3.1
2019-12-30,ef69c3e987e1ed07c605a72cdc28cdfa,push_received,L51,11.3.1
2019-12-31,4c2424b2514511251ffe492a30c178a6,push_received,U683CL,11.3.1
2019-12-31,5fad8746d3ac46c4a0e245a84ca8b380,push_received,U683CL,11.3.1
2019-12-31,762b68658ba2ca8310d4c4849e30f244,push_received,U683CL,11.3.1
2019-12-30,5272b2b5de5ffebeb33800b47b21260b,push_received,U683CL,11.3.1
2019-12-30,266a2f93e58d2aa04397d91366d1361e,push_received,U683CL,11.3.1
2019-12-31,00d313c0dbfcd51302b4d3999f7e227b,push_received,L51,11.3.1
2019-12-30,38e7834bd6880d0c9505bb3043f1dbf5,push_received,U683CL,11.3.1
2019-12-30,ec80ce04510589e67dad8a9002fe6943,push_received,U683CL,11.3.1
2019-12-31,e8e82f925968c469a38f8f664e7e9999,push_received,L51,11.3.0
2019-12-30,f2d5463e9f05da60b88eda8e3bb7967f,push_received,U683CL,11.3.1
2019-12-30,4feac3882d9dd744465e80c0e92adce2,push_received,U683CL,11.3.1
2019-12-31,833ba1da799a95118931c37b9741f850,push_received,U683CL,11.3.1
2019-12-31,f22df8c6d2e95fe76ec48ada16deccd0,push_received,U683CL,11.3.1
2019-12-30,3d07cff8110a730949f4a269011d68ac,push_received,U683CL,11.3.1
2019-12-30,c16c2bfc074e18d734d27ca2c8bbaae2,user_engagement,L51,11.3.1
2019-12-30,20a05a35900c56ee012302cfb23cb11f,user_engagement,U683CL,11.3.1
2019-12-30,7c1aa4d63a06eb5bd2d7bfe118a66b50,model_view,L51,11.3.1
2019-12-30,86808079ad6809576f031af035afcf2e,push_received,L51,11.3.1
2019-12-31,228a9b41b52daf96839439a06f51f90f,push_received,U683CL,11.3.1
2019-12-31,1b64c3492c8a05ca4727441bc05fc338,push_received,U683CL,11.3.1
2019-12-30,f804056b71a19670f338ffd927ab05bc,push_received,U683CL,11.3.1
2019-12-31,c533f158c8521e613acea3a3ca829838,push_received,U683CL,11.3.1
2019-12-30,7cc6acaf001e32a06e62b98f940d10e4,push_received,L51,11.3.0
2019-12-31,e3baccdc8a5cedc6b5c669eb6264c5d9,user_engagement,U683CL,11.3.1
2019-12-31,1efe359603c793b02a7dc9d6849f8160,push_received,U683CL,11.3.1
2019-12-30,fc88ed18d166bc34b3e08fc76f82e59f,push_received,U683CL,11.3.1
2019-12-31,e26de983c0672594f839d9821ab4bdd4,user_engagement,U683CL,11.3.1
2019-12-31,82215a0db1fa193726ef4622382f2c02,push_received,U683CL,11.3.1
2019-12-31,f932400f4616164ed7198b971b6074f1,push_received,U683CL,11.3.1
2019-12-31,c402db52c5ef20346a228a2648b5e190,push_received,U683CL,11.3.1
2019-12-30,5d423d3121d32636906ce6515df9d33e,user_engagement,U683CL,11.3.1
2019-12-31,699b902759bb79dfe9c1a915ef015d69,top_news_swipe,U683CL,11.3.1
2019-12-30,782263744e91b36065ba70ff90f2e1d8,push_received,L51,11.3.0
2019-12-30,7399b0f57d618f289b81bb0cd2d4a294,push_received,U683CL,11.3.1
2019-12-31,39467da79f28e9285625ac4d084708d1,push_received,U683CL,11.3.1
2019-12-30,e3d0c2dc222d6f1e559091dfdd43cbc3,push_received,U683CL,11.3.1
2019-12-30,4cb9c9a7d049fded9b22b35ac89c4aec,push_received,U683CL,11.3.1
2019-12-30,66f8f380b5a47857b2823ffa9803cc55,push_received,L51,11.3.1
2019-12-31,f209b2aa8bb74409dfca846c832bfe28,push_received,L51,11.3.1
2019-12-30,8af969a720564efc0354429111678c8a,push_clicked,U683CL,11.3.1
2019-12-31,ed1e7ccc0a6b187b907ed5f5702fbfb1,push_received,L51,11.3.0
2019-12-30,739238b2d96779a31ac1ec81c23346d8,push_received,U683CL,11.3.1
2019-12-30,85619ab51b2b85cc896c96a044390dcd,push_received,L51,11.3.1
2019-12-30,df0b1953644c9e7e7a46e1b3dae16077,push_received,U683CL,11.3.1
2019-12-31,f499dae1627de2429158a190f88543a9,push_received,U683CL,11.3.1
2019-12-30,29248aa87fcdd55f4c597ea5595a3c8f,push_received,U683CL,11.3.1
2019-12-31,2d4b1abaf86fab3d7a836f6dfdffc3e7,user_engagement,U683CL,11.3.1
2019-12-30,80d2bf37c00fc8ff28cbf3825d5a16d5,push_received,L51,11.3.1
2019-12-31,be8d2654263771db2e961ea822d2b823,push_received,L51,11.3.1
2019-12-30,f5579678e79e024ae92d4202ea3daa6d,push_received,L51,11.3.1
2019-12-30,a2a09a8d8cb7094bff1baf14cd135425,push_received,U683CL,11.3.1
2019-12-31,9f1ac975c721ac67d03b670d40513bfc,push_received,L51,11.3.1
2019-12-31,40301f19ee23240c15bf01b52f7307b4,push_received,U683CL,11.3.1
2019-12-30,43c69d727ae06e3056306dbacc5551bf,push_received,L51,11.3.1
2019-12-30,7e9c5666aa0466d23449323af801cfd8,push_received,U683CL,11.3.1
2019-12-31,b924b214cc74316281367e9da4c6c424,push_received,U683CL,11.3.1
2019-12-31,1d250c786ebd818849cd01d02279438c,push_received,L51,11.3.0
2019-12-30,3baf92afc2378703e369dc0a27cdf474,push_received,U683CL,11.3.1
2019-12-31,217f2c7cbc58bbfeb057438bbee7efc9,push_received,U683CL,11.3.1
2019-12-30,25f299128c61fad242d2e80f920d5526,push_received,U683CL,11.3.1
2019-12-30,b9abdfeca260f8d5c282c8dd3ed416a6,push_received,U683CL,11.3.1
2019-12-31,f48972c96e949e297f20dcb1f18905a5,push_received,L51,11.3.1
2019-12-30,09ae7a62a0353a9a8ac60b6877e6501d,push_received,U683CL,11.3.1
2019-12-31,6165741971f70a57f40abb6215782e12,push_received,U683CL,11.3.1
2019-12-30,cd087849b58e653ef90b14f65d5fd42b,push_clicked,U683CL,11.3.1
2019-12-30,60f479d3afcc169e08c5224b34b6c90c,push_received,U683CL,11.3.1
2019-12-30,4dd5b8fb5a99e03c7a6ece9073ccb278,push_received,U683CL,11.3.1
2019-12-30,7da475d584fd5ddccd5b1f01c1bac6e3,push_received,U683CL,11.3.0
2019-12-31,1f63dd573ac2a94effe330769c456b2d,user_engagement,U683CL,11.3.0
2019-12-31,cfc59c7d603ac4d8e8da42504db58804,push_received,U683CL,11.3.1
2019-12-31,a348eda41926beb33062c2cb5a9fad2f,push_received,U683CL,11.3.1
2019-12-31,f44d7b758f402128bb3c4dab77655b3d,push_received,U683CL,11.3.1
2019-12-30,4e849b4165d10e08e4cdf2bf71e794f3,push_received,U683CL,11.3.1
2019-12-31,e995b5405b8462f6f8f3d15a69829bc8,push_received,U683CL,11.3.1
2019-12-30,6066300b257df6eb654b1ddc8e0a1cc4,user_engagement,L51,11.3.1
2019-12-30,d076e3b9611f9e9c5cd02a8312af1373,push_received,L51,11.3.1
2019-12-30,57d09534df1e1bbe3e866a410e7b75b3,session_start,L51,11.3.1
2019-12-30,7d1fd62ff51122978c7633d9ba084239,push_received,U683CL,11.3.1
2019-12-30,1d59dd4b067acffea630f86767e0435b,push_received,U683CL,11.3.1
2019-12-30,15527aa906ea4980a13b67d428edaf3c,screen_view,L51,11.3.0
2019-12-31,0cad2bb4d9244f22d6ebc95432feb69e,push_received,U683CL,11.3.1
2019-12-31,77e41d3c8bd5ad1792f7a554065eb0af,push_received,L51,11.3.1
2019-12-30,d3486b44a708d1f779f0c9815837e4e1,push_received,L51,11.3.1
2019-12-30,7145188c24cb2b1a5bf3ed99da4c40a8,push_received,L51,11.3.1
2019-12-30,7e4638833d44dbd390cdb73256d13430,push_received,U683CL,11.3.1
2019-12-31,97c0a8f062616f4650010b704a3d4d10,push_received,U683CL,11.3.1
2019-12-31,10f6b4e15d6f5d3e4acf820b5cda18bd,push_received,U683CL,11.3.1
2019-12-30,432273d5ff059ea99e4df0aeb27385ec,user_engagement,U683CL,11.3.1
2019-12-31,e03d46ea3c6ea61c9d9b5f97381d4f9f,push_received,U683CL,11.3.0
2019-12-30,408d3f513fc278a1a252315917209626,push_received,L51,11.3.1
2019-12-31,702b0fe7d8f98bc4255faa5b45e5c7dd,user_engagement,U683CL,11.3.1
2019-12-31,303387b6b2075b3f23eb017005fc25b6,model_view,U683CL,11.3.1
2019-12-30,00c159453b245d36657d6990177f1edf,session_start,U683CL,11.3.1
2019-12-30,110ea08433f0aaf53c8221e85de7aa51,push_received,U683CL,11.3.1
2019-12-31,5ecd5a4a5e4794b1645b50b1bdded567,push_received,U683CL,11.3.1
2019-12-30,dee11e92f46e0408b190b11bf055669d,push_received,U683CL,11.3.1
2019-12-31,4c93bd61df8838b2b131fc78fa470b3c,push_received,U683CL,11.3.1
2019-12-31,76c2f766c8c966c664202a9d0d58e94f,session_start,U683CL,11.3.1
2019-12-30,263d67ac864beed6c9ca1fca346605a7,user_engagement,U683CL,11.3.1
2019-12-30,a6786b14a301c34f130d6e160c1c26fb,push_received,U683CL,11.3.1
2019-12-30,0fb5a2dc7aebf50f2368e150c7eddf21,push_received,U683CL,11.3.1
2019-12-30,01ea4b1a4f27510c2e425b960a6db625,push_received,U683CL,11.3.1
2019-12-31,b8ca0ab4eabf290af505d77ee4cffffa,push_received,U683CL,11.3.1
2019-12-30,f234f825fa9e4f7f42655f7d41468d22,push_received,U683CL,11.3.1
2019-12-31,27d288a0f4785121243b20954dcfda62,push_received,L51,11.3.1
2019-12-31,141a1e735f3758bee8c11905fed84de5,push_received,U683CL,11.3.1
2019-12-30,a3662629377abfe6af8c1f1cf017ea76,screen_view,L51,11.3.1
2019-12-31,6c4e0afe0d82d470f54d6fbdfb3a2f0d,push_received,U683CL,11.3.1
2019-12-31,150c37dd1437695fdbcf55fb676a19ea,push_received,U683CL,11.3.1
2019-12-31,98c428402e0f3d1eda827adae459cbe3,push_received,L51,11.3.1
2019-12-30,9c5b71e592f343e7d8b189e3b4302d6f,model_view,U683CL,11.3.1
2019-12-31,58f368784eb8fd95c1e64afa7fbb6a8f,push_received,L51,11.3.1
2019-12-31,6aa3809c17b11ac7621471741f0f52ef,user_engagement,U683CL,11.3.1
2019-12-30,a5b083f78e154ba55509b02f6d7248f6,push_received,L51,11.3.1
2019-12-30,7c478349eabb10af335cd510e2c808c3,user_engagement,U683CL,11.3.1
2019-12-30,6f330b5e2d1d91425a1c4591cd70fd60,screen_view,U683CL,11.3.1
2019-12-30,e2c5f10bce39f32374076c6ee557daa1,push_received,U683CL,11.3.1
2019-12-31,6a77f5a7111e382bca7f3f55aaeee402,headlines_navigate,LM-V405,11.3.1
2019-12-31,82d4edf6968caff407a2000ecadd6beb,user_engagement,U683CL,11.3.1
2019-12-31,9b71a52b8e137fa24e8eeedc391142bb,screen_view,U683CL,11.3.1
2019-12-30,72767f48fd37961b86fafa5d85d4e3bc,push_received,U683CL,11.3.0
2019-12-31,6d00ca9c80c62103e5e9b16176a9a40a,screen_view,U683CL,11.3.0
2019-12-30,2207660f75be1b6c459e800c126b1b81,user_engagement,U683CL,11.3.1
2019-12-31,783f36f76dccb95da226766ccb791c63,user_engagement,U683CL,11.3.1
2019-12-30,30f0ad68c7d368db68f6bd750ee602ae,push_received,U683CL,11.3.1
2019-12-30,0af33d1a5e9c72c9f047596c7b672012,push_received,U683CL,11.3.1
2019-12-31,4ff7a85e7ac0ccc7139d9a2f94932314,push_received,U683CL,11.3.1
2019-12-30,2375c52b8fc9ec349743ca82b94b1812,push_received,U683CL,11.3.0
2019-12-30,17a5f2995bc47ce59bb1c12e1e82664c,push_received,U683CL,11.3.1
2019-12-31,8029470988ce831a93630ff4378f9ba5,push_received,U683CL,11.3.1
2019-12-30,d37c79e8e6d71e805b45b784d023b18b,push_received,L51,11.3.1
2019-12-30,a9f3f3704a8dda345bd3fbd40c761a75,top_news_swipe,L51,11.3.1
2019-12-31,1efb3cac4b5881a03c412de6e6a00f59,push_received,U683CL,11.3.1
2019-12-31,e3c8a64e34c0a6690ab85ebee7be4667,push_received,L51,11.3.1
2019-12-30,ad2c1b7793d30ca3fd07c22ee3d85afd,dynamic_item_clicked,U683CL,11.3.1
2019-12-31,a67a6233cde299ac471d1324c7b718b2,push_received,U683CL,11.3.1
2019-12-30,97fdbffcfe9b34b152e8499d28ddca6a,push_received,L51,11.3.1
2019-12-31,d5fb5f1d931b19d44605845ef11e69c4,push_received,U683CL,11.3.1
2019-12-31,4f4a7567aa36fe385ff0a41cd1d478fc,push_received,U683CL,11.3.1
2019-12-31,4d2c1de65dfb6a5f61aa430eadd92e24,screen_view,U683CL,11.3.1
2019-12-31,748bc2538dbeb1e6d78672b05534521c,push_received,L51,11.3.1
2019-12-30,cb120e2c9469bc9c0a8f5a96f02f750d,push_received,L51,11.3.1
2019-12-30,82ce2f194f69148b2ee1dbcf712d470a,push_received,U683CL,11.3.1
2019-12-31,b176bbe7879bbcdfd4405bcfc7b0824d,push_received,L51,11.3.1
2019-12-30,4d337d7666977b81134f159fc892ffba,screen_view,L51,11.3.1
2019-12-30,3b69ffd926fef1185f5e2500cf3f63df,push_received,L51,11.3.1
2019-12-30,515b84957e19b62bfb7074a940c2252c,push_received,U683CL,11.3.1
2019-12-30,24b087482500504357eab3b21e9df785,push_received,L51,11.3.1
2019-12-30,95dab96572b7e989ef43a02e27947810,push_received,U683CL,11.3.1
2019-12-30,350054d040bc82210f54598f3fd045c8,push_received,U683CL,11.3.1
2019-12-30,0f24df10142f11c9a60f8d7e3564d1c4,push_received,U683CL,11.3.1
2019-12-30,41b1b53b6656e89e7a35faffca56d3c0,push_received,L51,11.3.1
2019-12-30,3edab3aa1eae83635b97250244551c26,push_received,U683CL,11.3.1
2019-12-31,b0110a5b95896e75eae43dd8f64bcf4f,model_view,U683CL,11.3.1
2019-12-30,9c3c46d0faf452ab3960d37c3dbc4e53,push_received,U683CL,11.3.1
2019-12-31,ab1a2bf00cc5e0ce9ed15c3a358f6f0f,push_received,U683CL,11.3.1
2019-12-31,3ba9a23d78f6bc36b489137c96a13343,push_received,U683CL,11.3.1
2019-12-31,d56b8289f9b341334a710fa967626c00,user_engagement,U683CL,11.3.1
2019-12-31,b6f60e5bad4d02f66878379cb40f11f3,push_received,L51,11.3.1
2019-12-30,1bbe14e49bd661206b3b6759d1530afc,push_received,U683CL,11.3.1
2019-12-30,163d6121169fb62e935d73994c0f0578,push_received,L51,11.3.1
2019-12-31,13e705b2915779eb08831a4c556e5b01,push_received,U683CL,11.3.1
2019-12-30,b45ed98cac0cd018d7baf8382a58187b,screen_view,U683CL,11.3.1
2019-12-30,86ec1722cb7b72b80500dc407933caaf,screen_view,U683CL,11.3.1
2019-12-31,bd1cb80df9e847654e6e57597f8d8aef,push_received,U683CL,11.3.1
2019-12-31,cab12ef31976d890fac840579190fe53,push_received,U683CL,11.3.1
2019-12-30,1339cd3b9e3378384fa3f6501b5b8b6e,push_received,L51,11.3.1
2019-12-31,74b12e8a232cc2492dd470fc714a197a,push_received,U683CL,11.3.1
2019-12-31,7069a5a3bb83dbce80358f4ac3ec694e,push_clicked,U683CL,11.3.1
2019-12-31,b3350e155ab7e2d5fd5a2de7e1a2bba8,push_received,U683CL,11.3.1
2019-12-31,2c5865cdad76362e19b0ae4c19c58121,push_received,U683CL,11.3.0
2019-12-31,ddc4917099cdb9df0cd393b626953c85,screen_view,U683CL,11.3.0
2019-12-30,ef06da6218c0c6fece4a51ab094afd4b,push_received,U683CL,11.3.1
2019-12-30,f2e160314b040d5851602bc3b457b0b3,push_received,U683CL,11.3.1
2019-12-30,abb216106d55d4a73e24c3a9812f0b22,push_received,U683CL,11.3.1
2019-12-30,e7b5b1db5b07fee9f3462d24bbe13f35,push_received,L51,11.3.1
2019-12-31,cfc600ce287455c50ccc6f8dfa570525,push_received,L51,11.3.1
2019-12-30,91963d8f38ccd98b7eb8c4ec9b61b86b,push_received,U683CL,11.3.1
2019-12-30,1f1010a750cc5f1e8facf0305ac4c984,user_engagement,U683CL,11.3.1
2019-12-30,40c6bf0527548e44a361ee31ba0db525,user_engagement,U683CL,11.3.1
2019-12-31,dae0e66bd44e64aeacacd091a8bee710,push_received,L51,11.3.1
2019-12-31,a0fef9da00fb2d280525188b094437a0,push_received,U683CL,11.3.1
2019-12-31,6c4100afea632347a729a45dc1a51395,push_received,L51,11.3.1
2019-12-30,cd162e2788ac7060d5c018f29dbe4174,push_received,U683CL,11.3.1
2019-12-30,9c0c4162723ce5a53fc49ec1f0e4ade7,push_received,U683CL,11.3.1
2019-12-30,d696517a52a0824133b2470acc25baca,push_received,U683CL,11.3.1
2019-12-30,ec2b7386f1f24e99b852507bcb9df738,push_received,U683CL,11.3.1
2019-12-30,e2533b82a9d102cab22a18692f9bba2c,push_received,U683CL,11.3.0
2019-12-30,c43ecd8332fc2f551050aa70e427bd3f,push_received,L51,11.3.1
2019-12-31,6aeaaee3cbfa58b1b23cfd7a5f7cc28d,push_received,U683CL,11.3.1
2019-12-31,ad50022618aaf708e642ca576ebcfbe3,user_engagement,U683CL,11.3.1
2019-12-30,99541fe1971580161bfa3d3f8e054a52,push_received,L51,11.3.0
2019-12-30,49906eaea78a965d83d4d7085bf56ea9,push_received,U683CL,11.3.1
2019-12-30,c1d2fe83023a1a4eae56f9a976458979,push_received,U683CL,11.3.1
2019-12-31,8a32cd4abf725c02fa88c2961e40a420,push_received,U683CL,11.3.1
2019-12-30,cca941f30b43786ce44322fa5e453f3a,push_received,L51,11.3.1
2019-12-31,5371a98ab275999e261cf386eb9bcacb,push_received,U683CL,11.3.1
2019-12-31,b2dbc3186d948cc3731dda3264e09cc5,push_received,U683CL,11.3.1
2019-12-30,6afc7049cfb2c600ec50a72b8170fc20,screen_view,L51,11.3.1
2019-12-30,9162b703de06739bc11e0d4297d2c570,push_received,L51,11.3.0
2019-12-31,00b2aba7c11bedae74b9cb73476ce8fa,push_received,U683CL,11.3.1
2019-12-30,1e4bb8ba9814f498ed4a3d0003a33d3f,push_received,U683CL,11.3.1
2019-12-31,cead4520cc79423acf9c46bab626278b,push_received,U683CL,11.3.1
2019-12-30,5618af29643987fbe3a109b544f1c089,push_received,U683CL,11.3.0
2019-12-30,d356d0f4b8b82b8d0a423d6d77864978,push_received,U683CL,11.3.1
2019-12-30,a25179ee5d80226f4fa51cd39ea9c7cc,user_engagement,L51,11.3.1
2019-12-30,1db254bf5c8f9cded1f160c5928b21cb,push_received,U683CL,11.3.1
2019-12-30,4b8dac0a54a9e6503018b15e86f8230c,push_received,U683CL,11.3.1
2019-12-31,a8c909aaa9fb78422ef479c682eddd82,screen_view,U683CL,11.3.1
2019-12-30,c933fb54b40ac04602eacd5b46302a29,push_received,L51,11.3.1
2019-12-31,27a58620d42bea202ce5c8ac1fcb87d1,push_received,U683CL,11.3.1
2019-12-31,54d4150f1435b00f5d7c845f91d065f5,push_received,U683CL,11.3.1
2019-12-30,692c17d40afe259461d74b5c9074a88a,push_received,U683CL,11.3.1
2019-12-30,bfd80698537d4a651f8a81478de2e1fe,user_engagement,U683CL,11.3.0
2019-12-30,ad74e04637f7a9fbac70c604ac21b728,push_received,U683CL,11.3.1
2019-12-31,40451d8993e7dd920684418993564832,push_received,L51,11.3.1
2019-12-30,62eff66c6222ef214fcc9b1af974abe3,screen_view,U683CL,11.3.1
2019-12-31,12d38e73aac1441aeb5b703b521b1871,push_received,U683CL,11.3.1
2019-12-31,02e3d56452c30c75b15b00ecd6aa9bd9,push_received,U683CL,11.3.1
2019-12-31,489bf6fc2a66a0cb9f6e16c8308ae0a5,push_received,L51,11.3.1
2019-12-30,981561c9ab15925125d2bb75de3c9bea,push_received,U683CL,11.3.1
2019-12-30,08018a12ce1cb662239f89565545139c,push_received,U683CL,11.3.1
2019-12-30,a46bb26ccf8e46ed9e5140feee26cff4,push_received,U683CL,11.3.1
2019-12-30,17dd37cdf6248feb3a7bca7a074ad1ea,push_received,U683CL,11.3.1
2019-12-30,53b263cb06f774bb45eaec74a2afbfd2,user_engagement,U683CL,11.3.1
2019-12-30,5dd7df80ca6ca8bb52e406abd08d8aea,push_received,U683CL,11.3.1
2019-12-30,99888f787b5b31c037f43628556d05c0,push_received,U683CL,11.3.1
2019-12-31,2ad1691af2daff83aab3c9d30a2d97e7,push_received,L51,11.3.1
2019-12-30,2f17c9e2daa2ade02483b0a5e05af4c7,push_received,U683CL,11.3.1
2019-12-30,c0a92e25a7c963acbad3be1fa23bb313,push_received,U683CL,11.3.1
2019-12-31,ff9b531578436e00b0f28aa20ff453e0,push_received,U683CL,11.3.1
2019-12-31,409324694dbf64cab0f6ded66aab3f9e,push_received,L51,11.3.1
2019-12-30,f26d88bfedf75984088b59846d4308a8,push_received,L51,11.3.1
2019-12-31,f82f02e42268b29b5307221c3573eeec,push_received,U683CL,11.3.1
2019-12-31,baf1a76ea65cba390758a9928fb0ceaa,push_clicked,U683CL,11.3.1
2019-12-30,310688528d1bfdf903df6cde9e7fa7a7,push_received,U683CL,11.3.1
2019-12-31,f57314df4147a081322709b68ff6b6e7,push_received,U683CL,11.3.1
2019-12-31,60a979a3ca5b5e10c8f6db437186e6f7,app_update,U683CL,11.3.1
2019-12-31,0dc5d759668fdc85376720bcf1ac004d,session_start,U683CL,11.3.1
2019-12-31,15a21e17d4cc85c1fb376eb903c31117,push_received,U683CL,11.3.1
2019-12-31,e4f44e03b3343041afa66eedf452c918,screen_view,U683CL,11.3.1
2019-12-30,e41087b8034eca0fea1755075c368450,push_received,U683CL,11.3.1
2019-12-30,fb0d84ab5af6e9cd68d2e3ccd1f378cb,push_received,U683CL,11.3.1
2019-12-30,3b63a2834b009d07fbef535e67a29883,screen_view,U683CL,11.3.1
2019-12-30,60bcda82b74f2862226d7ee20c471536,screen_view,L51,11.3.1
2019-12-30,6430ef6f20a9b6551c1e5ea5afb6a811,user_engagement,U683CL,11.3.1
2019-12-31,0776aa798ad92bfa0d14d77e2f3bd4cf,push_received,U683CL,11.3.1
2019-12-30,18ce54d0dd77a0bbc4eb9ccc8ac360dd,push_received,L51,11.3.1
2019-12-31,0dfeb6731b30cb3152c9467ecd7508ee,push_received,U683CL,11.3.0
2019-12-30,6f9b11c9e3bc1ed7bde32de02c4d17de,user_engagement,U683CL,11.3.1
2019-12-30,57069587aa2ba90590fe201b0b7e1e4c,user_engagement,U683CL,11.3.1
2019-12-30,b31d2b5db30802a9fe2940bed2db76c2,push_received,U683CL,11.3.1
2019-12-30,f6a7810bc6dc3dd82fead0b4329e582c,push_received,U683CL,11.3.1
2019-12-30,a1a60627f7fc26ce55a90d72a9052718,push_received,U683CL,11.3.1
2019-12-30,dbccf98abc627a8feac469102bdcb158,user_engagement,L51,11.3.1
2019-12-30,217f4d6a804db9da8f5cd9c1d55c176b,push_received,U683CL,11.3.1
2019-12-30,0f52f48e6a9def2dc0cce8b1ed38b613,push_received,U683CL,11.3.1
2019-12-30,2b72d24e16daadae000fbe51978a45fe,screen_view,U683CL,11.3.1
2019-12-31,c4c3a2a9468c89c01a13e7cc3effbcaf,push_received,L51,11.3.1
2019-12-31,cf488f9f2d5f893c3a705e64699125aa,screen_view,L51,11.3.1
2019-12-30,50ee64bf18ae43fb9b4cf5fe9be3cd14,push_received,L51,11.3.1
2019-12-30,0b9bdbe387a41f4de4d191ac4021e7b0,top_news_swipe,U683CL,11.3.1
2019-12-30,8d2fd8e4f8674209b6f17cc7e3f77316,push_received,L51,11.3.1
2019-12-30,21603059e251eba89f69701c711dc0d8,push_received,U683CL,11.3.1
2019-12-31,608b96286b2d5a15936e11abdabb4ca2,push_received,U683CL,11.3.1
2019-12-30,ae458077e42096042925f2cd4c8cf9d4,push_received,U683CL,11.3.1
2019-12-30,acfefd596d1d838b888479d5c7105004,push_received,L51,11.3.1
2019-12-31,89cd860cae4c239c0f5672bf53b1b371,push_received,U683CL,11.3.1
2019-12-30,03347e44ebd892c2abb6b5de792e46e8,push_received,U683CL,11.3.1
2019-12-30,03ee56eea1d68ebe55b14ba38fa88e15,push_received,U683CL,11.3.1
2019-12-31,c00029ebd5b1fd3f2e0f5b4e81917d9b,push_received,U683CL,11.3.1
2019-12-31,a9f205699c3a35be215cb8716d312e20,screen_view,U683CL,11.3.1
2019-12-30,2ae3f037ce58a2a9d818ecb906d8111c,push_received,U683CL,11.3.1
2019-12-31,21ef287eeab356542e06dbb5878e6ca8,push_received,U683CL,11.3.1
2019-12-30,ecd6e4f05f14a55f8786729bc18b7c43,push_received,U683CL,11.3.1
2019-12-31,417b6387bc107ea97c13ea1355c30c1d,push_received,U683CL,11.3.1
2019-12-30,d08b42a437adc8edf01148b2d1d8a082,push_received,U683CL,11.3.1
2019-12-31,ae9b1d7aca1adf250c3bbdf0b9f22ff1,push_received,U683CL,11.3.1
2019-12-30,0c69f57ee127f61e010bd6eb6f8f8a1b,push_received,U683CL,11.3.1
2019-12-30,98172a866837841f86af47731718b611,push_received,U683CL,11.3.1
2019-12-30,e917b79bc6880a9cad4972cb3d58735c,push_received,U683CL,11.3.1
2019-12-30,5d8bb575904c34f35a8bc9987c619ce8,session_start,U683CL,11.3.1
2019-12-31,f2100a25de0a673575cc1374d155ee90,push_received,U683CL,11.3.1
2019-12-30,7653628ee0ce4ad6d3f52fa88b781994,push_received,U683CL,11.3.1
2019-12-31,e14f3804d5a722bd15f4d05635903008,push_received,U683CL,11.3.1
2019-12-30,f1ae91e3208606eef414f129e28c47ff,push_received,U683CL,11.3.1
2019-12-31,6c9faf33bd3fd7dad29c61cdb0fa390b,push_received,L51,11.3.1
2019-12-30,58b2d48c5d32af1b0135b1fbabc643fa,push_received,L51,11.3.1
2019-12-31,4ab6ea7e7833d232ff9786725eb33b9f,push_received,U683CL,11.3.1
2019-12-30,ab5da6d4edef4ae3ec17652e5a8cfa57,push_received,U683CL,11.3.1
2019-12-30,a7f254d61a2f81cef24c94f5319d655a,push_received,U683CL,11.3.1
2019-12-31,3be21bfb6b8e6c4c6e1b290986019442,push_received,U683CL,11.3.1
2019-12-31,681ab27a26b311096159c1ad98689267,push_received,U683CL,11.3.1
2019-12-30,dcf350b442c315360ecd9cb2c0f1c106,push_received,U683CL,11.3.1
2019-12-30,9fdf711543b7e46a00db621572f81843,push_received,U683CL,11.3.1
2019-12-30,8ce27579019f9167c116b0ae96ca8b57,push_received,L51,11.3.1
2019-12-31,c73a9e5d672f9b95c98f70a904371b42,session_start,U683CL,11.3.1
2019-12-31,594acdc0e9e47899517a0c2a9d18484b,push_received,U683CL,11.3.1
2019-12-30,7a07c6114d290e1b6355e4fc1d8a0139,push_received,U683CL,11.3.1
2019-12-30,cb313551c72cc8bce21d8fa5d47c9623,push_clicked,U683CL,11.3.0
2019-12-30,825f489232c541c00b09fcd5b92e7a06,push_received,U683CL,11.3.1
2019-12-31,727f94f2fb8d5f19bc9e0e2f68e5d1ed,push_received,U683CL,11.3.1
2019-12-31,e3bfe832d51d63e679c2a67d9f57050b,user_engagement,U683CL,11.3.1
2019-12-31,b608a14a66cb477f337934f8935a7388,user_engagement,U683CL,11.3.1
2019-12-30,87d0a94194c746f281297053887ac556,screen_view,L51,11.3.1
2019-12-31,247c77f9b1db5cb12bd91f441714f1f8,push_received,U683CL,11.3.0
2019-12-31,0584a2e706d0ca1135918656efc685b7,push_received,U683CL,11.3.1
2019-12-31,903b416759be823b167614678429f72a,push_received,U683CL,11.3.1
2019-12-30,43029a1bf4dfe908770e5f057c6aa112,push_received,L51,11.3.1
2019-12-30,91a7d1ce2c2563a28ab973eeb541fc01,push_received,U683CL,11.3.0
2019-12-31,48f5c2996ef22296f0bdf769508170fb,push_received,L51,11.3.1
2019-12-31,e1afbf6e637bb70f3bbd2b5e1c468934,push_received,U683CL,11.3.0
2019-12-31,648f7e6e90c5ffb22c6c96d214b2583e,user_engagement,U683CL,11.3.1
2019-12-31,eb238f56ab4da5c16f694ef7434beadc,push_received,U683CL,11.3.1
2019-12-30,b660360f1a54d886758c5450a75b6971,push_received,U683CL,11.3.1
2019-12-30,13232c166fa094f6afa8aab8c36cb70d,user_engagement,U683CL,11.3.1
2019-12-31,f33ada7441012bb90bc7ac9753000d70,push_received,L51,11.3.1
2019-12-30,0461037f5378f48e79c8d3e410a89965,push_received,U683CL,11.3.1
2019-12-30,698e2aec68db79c8a25cfd2f2ef17797,push_received,L51,11.3.1
2019-12-30,b1d714170cefb7a70540ce0b3a1155b8,push_received,U683CL,11.3.1
2019-12-30,ca7b07f6a3801931ff3c4e38af769cff,push_received,U683CL,11.3.1
2019-12-31,b46fbf41f6b35bb2a49d29a626739660,user_engagement,U683CL,11.3.1
2019-12-31,86570f76b3fb2e4b95d482076e37a57a,push_received,U683CL,11.3.1
2019-12-30,ba5239bba73d2da008abf0c5b6609583,push_received,U683CL,11.3.0
2019-12-30,43fa6d0829062ebc05cf5b4dae918163,push_received,U683CL,11.3.1
2019-12-30,78224ca269dc67cb69bde1d5b0b43bb2,push_received,U683CL,11.3.1
2019-12-30,4c23991fe5436be96ecda66135a793e1,push_received,U683CL,11.3.1
2019-12-31,6711aec86a83aae1c2c8170c04e3e6cd,push_received,U683CL,11.3.1
2019-12-31,5fd16452c86a31a5ea4773abadb204ce,push_received,U683CL,11.3.1
2019-12-31,09c8dea9e619673689711d53654f102d,push_received,U683CL,11.3.1
2019-12-31,6dc252a05060ce97728b60d3c73f717d,screen_view,U683CL,11.3.1
2019-12-30,4dc88b27f2a2baf769c8cd03d76acc8a,push_received,U683CL,11.3.1
2019-12-30,e7ab5a126c99e060be4306e3ac94c8a8,push_received,U683CL,11.3.1
2019-12-31,6ff9b7e8ee826b114d93f9056de2501b,push_received,L51,11.3.1
2019-12-31,9026bfddabe0bed261d247ac96da80d3,push_received,U683CL,11.3.0
2019-12-31,fffc03eebaae836fdb4cbca7fbf33615,session_start,U683CL,11.3.1
2019-12-31,e3bb7b401a5881ed927ba6e77a788dee,push_received,L51,11.3.0
2019-12-30,603ddd2b94835f031f6a4a3006a9dc76,push_received,U683CL,11.3.1
2019-12-30,f177ba25e46bccd5d813a847cbc369c6,dynamic_item_clicked,U683CL,11.3.1
2019-12-31,91210562f1702dcea36c0180e0eecf8b,push_received,U683CL,11.3.1
2019-12-30,b61e29a39fd9d6194f6522cf63598110,push_received,U683CL,11.3.1
2019-12-30,f1fc23f6dc362428dcc709497412da63,push_received,L51,11.3.1
2019-12-31,c527fc2e7f681ba135f66ed8e547d5cf,user_engagement,U683CL,11.3.1
2019-12-31,22edb6d9125c02362b4b9c1bec938354,push_received,L51,11.3.1
2019-12-31,4049a6dcc9ab965fd2d0d722cba8a7df,session_start,U683CL,11.3.1
2019-12-31,a45cc19784e083c5cc7c705a47a6d2a6,push_received,U683CL,11.3.1
2019-12-31,ec70f6b9178e382ce84c55b43e255bb0,push_received,U683CL,11.3.1
2019-12-31,187d81f599191e064eb303635505e9c8,push_received,L51,11.3.1
2019-12-31,96b82667194f749176b09ef294e80fa5,push_received,U683CL,11.3.1
2019-12-30,7d80e1a96e14580ea13b160cb9ac77a7,push_received,U683CL,11.3.1
2019-12-31,d1ddea62b6937df872174e1b81c757b6,user_engagement,U683CL,11.3.1
2019-12-30,f6196658913276f5f41fb603ba796bec,push_received,U683CL,11.3.1
2019-12-31,cf3cc2c15df50e9f156bb8f8e6b474e5,push_received,U683CL,11.3.1
2019-12-30,236b0c55f2c9404f5c7babf11690c9ef,push_received,U683CL,11.3.1
2019-12-31,8df4d39463276605eef9c5f5819c7dde,user_engagement,L51,11.3.1
2019-12-31,83a1c7017a25faefc4a304302700cdff,push_received,U683CL,11.3.1
2019-12-31,2bc5d25888f90125756d48b10a308f5b,push_received,U683CL,11.3.1
2019-12-30,22e23b3bdd598a6c7b039c8cb71fa88d,screen_view,U683CL,11.3.1
2019-12-31,adf4408d267602dfded0ad7cccf38eb1,push_received,U683CL,11.3.1
2019-12-31,8e997d3c715c53e33a4bfd2b54308108,push_received,U683CL,11.3.1
2019-12-31,1630f1f1b9543c5ff59fac59f1a8f029,push_received,U683CL,11.3.1
2019-12-31,edd1ce40e92bd5ea75b0e273adbc16f2,user_engagement,U683CL,11.3.1
2019-12-30,3b3b91baa71345c4b54fc80e3d9ecba2,headlines_navigate,U683CL,11.3.1
2019-12-30,bbcaa1ba319bd6f7abb093794d5e2730,push_received,U683CL,11.3.0
2019-12-30,7a5e24404ea2f8eb9ac626f1f76e33e4,push_received,U683CL,11.3.0
2019-12-31,c0b07cd50a2969b72862c7bea8a0e8d1,push_received,U683CL,11.3.1
2019-12-30,26d50ea358e51c720eb5969519700643,push_received,L51,11.3.1
2019-12-30,22a3bdc27f0c2da6df7dc72ec29380a0,push_received,U683CL,11.3.1
2019-12-31,5269cb0253fb1979719bef598bebf6a0,push_received,U683CL,11.3.1
2019-12-30,7bf0e505a9d8a3a1eea4e3793dc61af0,push_received,U683CL,11.3.1
2019-12-30,a3a181b58dd332ef0c1cc19e484f90e0,model_view,U683CL,11.3.1
2019-12-31,f9ccc1a6c3019643ada55c99393a2661,push_received,U683CL,11.3.1
2019-12-30,8ef1f82d2ccd7d7ea82c2cea04dd6ea0,push_received,U683CL,11.3.0
2019-12-31,92ea22d249a3fbe4b33ed55c26f231f8,push_received,U683CL,11.3.1
2019-12-31,891406f421c79f4179505eae362020c3,push_received,U683CL,11.3.1
2019-12-31,faf047cc75bc6e98073c85dfefe97124,push_received,U683CL,11.3.1
2019-12-31,f6147df0132e23258d03654a0c7e10f7,push_received,L51,11.3.1
2019-12-31,dca1f3d3098433f7f1d3ac71d323688a,push_received,U683CL,11.3.1
2019-12-31,122040de173a5e69c82aacda6dcd73ad,push_received,L51,11.3.1
2019-12-30,aa4e59075d81ffcdf83eabcf8dadbfbe,push_received,U683CL,11.3.1
2019-12-31,8fde49ea5390ab8efa74ef2541852160,push_received,U683CL,11.3.0
2019-12-31,df65afa0e5eaa6b3d761678e21fd558d,push_received,U683CL,11.3.1
2019-12-31,4b7f14132695fc5907f6a6b2e98ab4c2,push_received,U683CL,11.3.1
2019-12-30,09c5d246192f4d52920d8718cdf25b07,model_view,L51,11.3.1
2019-12-30,fe47225bef97bf70e125d3f9443698c3,push_received,U683CL,11.3.1
2019-12-31,0d712888da71f07a8ba5df42d2fa6acd,push_received,L51,11.3.1
2019-12-30,f6a711fad4c5bbbbdb5d3acdd80228ca,push_received,U683CL,11.3.1
2019-12-30,7462cda614ea8c1d8a02a86f971454ed,top_news_swipe,U683CL,11.3.1
2019-12-31,3749683cb09f519c55830ec2b7965268,push_received,U683CL,11.3.1
2019-12-31,b22062480cd309fc5ef27192c28f911b,push_received,U683CL,11.3.1
2019-12-31,1367902676e7f2d21c093218bb3cfd28,push_received,U683CL,11.3.0
2019-12-31,1d54686ce2af6eae3b2e35e511509ff8,push_received,U683CL,11.3.1
2019-12-31,363ae48f2ef0eef37a05098b21e0cbaf,push_received,U683CL,11.3.1
2019-12-30,fdd96b4ee5dbb2d2c81cdb76a219250a,push_received,U683CL,11.3.0
2019-12-30,c62dabcfb1865901cb6ff9fa2e83c7bb,push_received,U683CL,11.3.1
2019-12-31,4a1c05053e2d675e231e81821bd1e429,push_received,U683CL,11.3.1
2019-12-31,ec3482fb58fe4b3f923ac0a4f9102503,push_received,U683CL,11.3.1
2019-12-30,2c79007b55d005a52d31138c7bb77a4f,push_received,U683CL,11.3.1
2019-12-30,a848114b7602996420e39c4d53e814d9,push_received,U683CL,11.3.1
2019-12-30,bfed13e7baed298c3c1b03ed00f1a76b,push_received,U683CL,11.3.1
2019-12-31,98cb01927481e16c6ffd7088662ac5f6,push_received,U683CL,11.3.1
2019-12-31,912c2a0155c65bf52581c6c91a940434,push_received,L51,11.3.1
2019-12-31,6b75aa69185bc80f3f6b9f6dadb6743b,screen_view,L51,11.3.1
2019-12-30,e7cea7fe7ba02aa84658ccb23eefa54d,push_received,U683CL,11.3.1
2019-12-30,bcbb999a81927c371d332070b6d101da,push_received,U683CL,11.3.1
2019-12-30,1076bce4b5ce8c829a197284ba907f94,push_received,U683CL,11.3.1
2019-12-31,de7df70dfcdcf29ed33f8cab7c26dc38,push_received,U683CL,11.3.0
2019-12-31,b2f0b75cfbd9422a22eaffd40b794c8f,push_received,U683CL,11.3.1
2019-12-31,f332346fed2199affefb00dee700e8ec,push_received,U683CL,11.3.1
2019-12-31,66391049cbe4d3b2e4bac6de16f80045,push_received,U683CL,11.3.0
2019-12-30,87b45420bfc7b02fe3cc79fc1a384126,user_engagement,U683CL,11.3.1
2019-12-31,c2ec07a02dc469694232e5c6e5b49299,screen_view,L51,11.3.1
2019-12-31,d7e62925646ce26217a15b41c05b1c0d,user_engagement,U683CL,11.3.1
2019-12-30,9e0a45bb73a08c9b5cadee680561c126,push_dismissed,L51,11.3.1
2019-12-31,829f1eb3106017898eb1576f5b90bc79,push_received,L51,11.3.1
2019-12-30,dfb0002117ce71c7e412ce1324ca080e,model_view,U683CL,11.3.1
2019-12-30,7ea61ed693f8c8b5d8a38dc785cf2cd4,push_received,U683CL,11.3.1
2019-12-31,cb4a438bafb381a922360a8172050e50,push_received,L51,11.3.1
2019-12-30,d84ee69a2d52f1d291946d066073782e,screen_view,U683CL,11.3.1
2019-12-31,145b37704061326b2c4eadc7224aba89,push_received,U683CL,11.3.1
2019-12-31,fce6d8d5ad4008314a9ae5bd86b937a2,push_received,L51,11.3.1
2019-12-30,28338c81328a326664e30d205412dbc0,user_engagement,U683CL,11.3.1
2019-12-31,89ce8c65d075eadb734e5c27e235d6f6,push_received,L51,11.3.1
2019-12-30,33967ed5634866bbb43ce617db0c81c2,push_received,U683CL,11.3.1
2019-12-30,6bcbabd60e6a2e43af4902daf04965c2,push_received,U683CL,11.3.1
2019-12-31,313e76b3dbb52b6ce23e9909d2248cbe,push_received,U683CL,11.3.1
2019-12-31,69a8b09b5672fcc5f517897fb3873b00,push_received,U683CL,11.3.1
2019-12-31,68413224fbfb9aa338243aeda0a6b37f,push_received,U683CL,11.3.1
2019-12-30,a79f93465f558f433e551a75016c5044,push_received,U683CL,11.3.1
2019-12-31,50c2baa1aa9ed3fdb6645deb6ad834f7,top_news_swipe,U683CL,11.3.1
2019-12-31,60bdc185db190376b44373334067ef8c,user_engagement,U683CL,11.3.1
2019-12-31,dd5685025753dcccbd616af30809db16,headlines_navigate,U683CL,11.3.1
2019-12-31,5c6847d74bbb6b2accf3ca89058ebcf9,user_engagement,U683CL,11.3.1
2019-12-30,c69968c0d802cd06ad85633a89064ea9,push_received,U683CL,11.3.1
2019-12-30,7191cbc29d558fe1248168ff5d5371cc,push_received,U683CL,11.3.1
2019-12-30,a7fe6b322bde1888874afb73f128f341,push_received,U683CL,11.3.1
2019-12-30,66426f4926ba8e4c7842ce4212ce1bee,screen_view,U683CL,11.3.1
2019-12-30,d41a7e9662a4cb08a3780f47212435f5,push_received,L51,11.3.1
2019-12-30,d627e2782182c8e16ddb5eb487366257,push_received,U683CL,11.3.1
2019-12-30,a6182f6879cb1841d0ba3ff4b0c8bcb4,push_received,U683CL,11.3.1
2019-12-31,03c35c54e3dc5e9a56f9017f61d2e711,push_received,U683CL,11.3.1
2019-12-31,324f3e0ba5827c9f45c7dabe0d782ba1,session_start,U683CL,11.3.1
2019-12-30,16ef0c0869f5e9b7a3eb3da33e0152dd,push_received,L51,11.3.1
2019-12-31,38bf7f6dd99ec588d65e8ff21943471c,push_received,U683CL,11.3.1
2019-12-31,e431ff9b39e91b971785fa3a2ebd4620,push_received,U683CL,11.3.1
2019-12-31,cfd0e56eb0ff5d1948321ee61d619fea,push_received,U683CL,11.3.1
2019-12-31,992b8b9c1e6a063e4ae8b9e96a7f9eea,user_engagement,L51,11.3.1
2019-12-30,22b33386e112f77346dd19570f749811,push_received,U683CL,11.3.1
2019-12-30,3748130533f109d03756a7f61fa4fcc1,push_received,U683CL,11.3.1
2019-12-30,52475cbcda3d97b1a9a7549f84952a65,push_received,L51,11.3.1
2019-12-31,2e262fede652e3f3ae3563f24c6e334b,push_received,U683CL,11.3.1
2019-12-30,be7d369d0ab613995436906f5cd24961,push_received,U683CL,11.3.1
2019-12-31,6161899a59cca3f1eba52b21a0b66b1c,push_received,U683CL,11.3.1
2019-12-31,a2246988f919e73eab6fdf9651512eef,push_received,U683CL,11.3.1
2019-12-30,2bab4b29a7854de18bb266631f919f40,push_received,U683CL,11.3.1
2019-12-31,acf19fdc285dd0863ea61d2a116dc281,user_engagement,U683CL,11.3.1
2019-12-31,0a046eae975fa105ba8e257ea28a2307,push_received,L51,11.3.0
2019-12-31,5c4d74a64a5fb980f3c2cd5c88067fa8,push_received,U683CL,11.3.1
2019-12-31,fec5a7bd36120b3bfb44609d90b8a647,push_received,U683CL,11.3.1
2019-12-30,2fd9bce030e8d6fb7f0d2e070d036e0c,model_view,U683CL,11.3.1
2019-12-30,91b2d516d8e0edecc4bc585b04a93610,push_received,U683CL,11.3.1
2019-12-30,d8615f215d1910462a4c5a946db9da81,push_received,U683CL,11.3.1
2019-12-30,98b5c008e11200311c98b23695ad9cc4,push_received,U683CL,11.3.1
2019-12-30,0d2f05dd8834038409ca687cfff7d5f0,push_received,L51,11.3.1
2019-12-31,54af3674899f4e6a1f4f618cd4dbda59,push_received,U683CL,11.3.1
2019-12-31,4262c45651dd0eac46ab6552bcfcc5e8,push_received,U683CL,11.3.1
2019-12-31,31137d5f36cc3744cdf26c872c5d0f14,push_received,U683CL,11.3.1
2019-12-31,f5b7890b2654ad5b17de6cc248b889c6,push_received,L51,11.3.0
2019-12-31,cacc05d543b11616afef1745e8012e85,screen_view,U683CL,11.3.1
2019-12-31,599554727bc00e96bd47aa1434809161,push_received,L51,11.3.1
2019-12-31,39a6811790a325b13a746b44b65a344d,model_view,U683CL,11.3.1
2019-12-30,044c0ee7d629cb3e592e7bcf215b58e8,user_engagement,U683CL,11.3.1
2019-12-30,4dc5ad45c215e7134efec0258f9c89ce,user_engagement,U683CL,11.3.1
2019-12-30,8be7064f087d18be86b7958ceb9a40ba,screen_view,U683CL,11.3.0
2019-12-30,413f09bbfa211d8fb4ad0608533c689b,session_start,L51,11.3.1
2019-12-31,bfbf17a41484ea5927d51ea949fef869,push_received,U683CL,11.3.0
2019-12-30,f32957f1d50868d15518df6c2e139b42,push_received,U683CL,11.3.1
2019-12-31,e30ef6f7d98c0bc60fd515dcdc4ec368,push_received,U683CL,11.3.1
2019-12-30,f2d398ce7b46b39d6940c8e05bc903ad,push_received,L51,11.3.1
2019-12-31,7e3e1b0ae7b577eb8a8ea240cf5c8522,push_received,L51,11.3.0
2019-12-30,05b72e51345b96b24c909e183f7f54a0,push_received,U683CL,11.3.1
2019-12-31,014c75a07660d0a0045b40bed3910db5,push_received,L51,11.3.1
2019-12-30,219edec3ac94f94cdfff566131013abc,dynamic_item_clicked,U683CL,11.3.1
2019-12-30,dda5c587a8a1ba9ad1c4676dcf1a3433,push_received,L51,11.3.1
2019-12-31,331a63789daccc72164d44ad8ca0d3d3,push_received,U683CL,11.3.1
2019-12-31,e618a75b60ac18bcd0340c0578d0c066,push_received,L51,11.3.1
2019-12-30,61664eb475267c84531df2a6c159b79d,push_received,L51,11.3.1
2019-12-31,b17794a151439448350d6a7833c03596,push_received,L51,11.3.1
2019-12-31,4ee2100f784c1bdf4679603a431f8811,push_received,U683CL,11.3.1
2019-12-31,0c1fc3c6d6ef62dc1faab28eb7c8a2cd,push_received,U683CL,11.3.1
2019-12-31,8a6c7bb333b3a9e12efe61d107e3eea0,push_received,U683CL,11.3.1
2019-12-31,19584372fcf350263104e1fc588de15a,push_received,U683CL,11.3.1
2019-12-30,fe3c8c1274452f4adfdf63616b7a61c1,push_received,U683CL,11.3.1
2019-12-31,548aecacaa2ec445ebc52b2eceefb48d,push_received,U683CL,11.3.1
2019-12-31,8c7fb056fec13c81e199381eca6a4319,push_received,U683CL,11.3.1
2019-12-30,545c957f5aadda480a5645046ddd2d21,user_engagement,U683CL,11.3.1
2019-12-30,ed9effa0ebffa671b85f0c9eeb979630,push_received,U683CL,11.3.1
2019-12-31,645d1ed1d5f9dbf7912f655a3c0d4a71,push_received,L51,11.3.1
2019-12-31,5b7985ecf5348cb8934414ae97f8dc9d,session_start,U683CL,11.3.1
2019-12-30,c0a13eac68d04e575c183b1b9ff0bf70,push_received,U683CL,11.3.1
2019-12-30,c7f9b59c320a00418179f23121d9b7e7,push_received,U683CL,11.3.1
2019-12-30,f385e040d0fd00d136c7a6c9b93f5f77,push_received,U683CL,11.3.1
2019-12-30,13a9afabed1decfb5da4a6ef1716f3fa,push_clicked,L51,11.3.1
2019-12-30,3d500e76914e4beeb38e7af6562b7ec9,push_received,U683CL,11.3.1
2019-12-31,170d67fcaa7b94fc1ed10043e21963e6,push_received,U683CL,11.3.1
2019-12-31,a3b046dc9bb6bb453727440ec6d0b3d0,push_received,U683CL,11.3.1
2019-12-31,f96fa6027276594109a38840b37e4bcb,push_received,U683CL,11.3.1
2019-12-30,b6b6784c431ae1f2e54fad3dfbe5936f,push_received,U683CL,11.3.1
2019-12-31,6cc0210f6fb3e5e5982a509b78d48720,session_start,U683CL,11.3.1
2019-12-30,9b8f0af8f3e2ddda5cb515db9d67d8cf,push_received,U683CL,11.3.1
2019-12-31,badb648cf2f5b05e1e3bba93dfa15f3f,push_received,U683CL,11.3.0
2019-12-30,4e084b9ef1e015709e54cef323f7eb4e,user_engagement,U683CL,11.3.1
2019-12-31,cc8c21d0401e445d2915bf53eb3be40d,user_engagement,L51,11.3.1
2019-12-31,b69c622ebc12aeb0f765192adb7d39fe,push_received,U683CL,11.3.1
2019-12-30,0f2a317d932d57d04c7bcc780af511b4,push_received,U683CL,11.3.1
2019-12-30,a6e895534db9f58094840a081b1c790e,push_received,U683CL,11.3.1
2019-12-30,159dda46f24a91a9fb001ea24715f04c,push_received,U683CL,11.3.0
2019-12-30,1e368416f71790409de92a35a5e858e7,push_received,U683CL,11.3.1
2019-12-30,e665059d7e3767624399b244063a7d27,session_start,U683CL,11.3.1
2019-12-30,339d650899ff390ed45300aaf3f73df9,push_received,U683CL,11.3.1
2019-12-30,b5194474743fda616a691a3578b843ca,push_received,U683CL,11.3.1
2019-12-30,da260452845fb2d0af529cea859f9604,push_received,U683CL,11.3.1
2019-12-30,fc145e82fc4b46a5e0843e7f50659a76,push_received,U683CL,11.3.1
2019-12-31,0cdad745ca59ce3e12c94fc0830f81ab,push_received,U683CL,11.3.1
2019-12-30,8fcb033ecf456fda5c21bfbe50167876,push_received,U683CL,11.3.1
2019-12-30,fef771560e1c2f2d5d7b7c6c2e5c5dd0,push_received,U683CL,11.3.0
2019-12-30,fa4e5eb3ddb9891bde03dbe117ea65b6,push_received,U683CL,11.3.1
2019-12-31,cd3f8ba59ad15ae0d5bbeb29ebc03641,push_received,U683CL,11.3.1
2019-12-30,ca50f900a1952d25188d6bc8606f411f,push_received,L51,11.3.1
2019-12-31,c7b32f61b7a0f7e9ba25f44411fc55ab,push_received,L51,11.3.1
2019-12-30,38c5fc51b4a8e216849b9b41d9012cab,push_received,U683CL,11.3.1
2019-12-31,ffb26e8b57a61796a7e53bff751711b8,push_received,L51,11.3.1
2019-12-30,6c39fe96b07fb4135f22d5f568782870,push_received,U683CL,11.3.1
2019-12-31,82ffc91a5e26cb2a2f57f1960ac0109f,push_received,U683CL,11.3.1
2019-12-30,14c45b6fce656aa937cc4df23a70e32c,push_received,U683CL,11.3.1
2019-12-30,f99596bdbb643a76a44d2bc5f6385460,push_received,U683CL,11.3.1
2019-12-31,8c32c8c8b0cbab3172881f3e378fb8f4,push_received,U683CL,11.3.1
2019-12-31,98451f95b6550052fd1c3800005773c7,push_received,U683CL,11.3.1
2019-12-31,12fa92ab3d464b64a5938d9d2d949350,push_received,U683CL,11.3.1
2019-12-31,1162c83cdd62fed69838124ae60185e7,push_received,U683CL,11.3.1
2019-12-31,5e068fdc3c3bade0d7ae6df324b59922,push_received,U683CL,11.3.1
2019-12-31,8928a2b1c1466eaafcccdfa5fac14d44,user_engagement,U683CL,11.3.1
2019-12-30,afdd3ee65340213a3d07f734287f3ba9,model_view,U683CL,11.3.1
2019-12-30,cb340e12b1162b5c2a7758a1d0a71c45,session_start,U683CL,11.3.1
2019-12-31,a196c442305fb5fa9b591ddc4b189945,push_received,U683CL,11.3.1
2019-12-31,802ccabbe7587255d7ca71f220510133,push_received,U683CL,11.3.1
2019-12-30,742a1a0de29e62d2d3a2b473ee433e69,push_received,U683CL,11.3.1
2019-12-30,3b56e630d84b5de2ef4eee065760f2bf,push_received,L51,11.3.1
2019-12-30,1d79df5302348a07798724eebf017d50,push_received,L51,11.3.1
2019-12-30,91133bd9ee77274228b7f8ca66c5eb5b,push_received,U683CL,11.3.1
2019-12-30,841f5e99f43bf0e3d863981209cfab03,push_received,L51,11.3.1
2019-12-31,da2981ef7e266e4b45356d5c6eb2d3b8,push_received,U683CL,11.3.1
2019-12-30,fffc4dcb6a5b69c32b598d2d2dc22f59,model_view,U683CL,11.3.1
2019-12-31,1ebe0f37e9f4c8f647e04fba69c28691,push_received,U683CL,11.3.1
2019-12-31,eb506c62bb81206d8c4f6969d4d0ec82,screen_view,U683CL,11.3.1
2019-12-30,7b14a38c0295fdd436c6f06955daf6be,push_received,U683CL,11.3.1
2019-12-31,e6548f4af2f5b67bc9a46c52c2e0b492,push_received,L51,11.3.1
2019-12-30,cdb218ad2fa79d59c82c404127330203,push_received,L51,11.3.1
2019-12-31,8f03b2273e75e19011cd509b662d03a7,push_received,U683CL,11.3.1
2019-12-30,4596bcfe213c3656ade552d1bd1c4285,push_received,U683CL,11.3.1
2019-12-30,0ea640b09139f63871d09fa07951c132,push_received,L51,11.3.1
2019-12-30,16cf15f57943987e8a7c29cd70cea089,push_received,U683CL,11.3.0
2019-12-30,71ab8f91ca5135ddd06ab9d770d4c202,push_received,U683CL,11.3.1
2019-12-31,3b036cfbfeb12e124ed98a88ea15b799,push_received,L51,11.3.1
2019-12-31,f6fd424ceb143fcc82dc925eaf4b5ed3,push_received,U683CL,11.3.1
2019-12-30,21da7bff2bf66f43be02b71335c2beee,screen_view,U683CL,11.3.1
2019-12-31,1561b828cc8176a7e51a7a043f6e01ad,push_received,U683CL,11.3.1
2019-12-30,63a1c52eb77a4c8276c09544d8e996ec,session_start,U683CL,11.3.0
2019-12-31,b81853ef4bdf6a82a3bb36b7a0a40914,push_received,L51,11.3.1
2019-12-31,f8ccaf239f46a1cc1e4c2c4b6168aa89,push_received,U683CL,11.3.1
2019-12-31,964b539e8ed9f8a0996d9b92e586d0a7,push_received,U683CL,11.3.1
2019-12-31,c839185534a2c8b1b682d2681be5dc8f,push_received,U683CL,11.3.1
2019-12-30,7754f96e5d9841840544e773d42bc660,push_received,U683CL,11.3.1
2019-12-31,40f40f2dfe917d9ce45e0b72f9be668d,push_received,U683CL,11.3.1
2019-12-31,02e5a7f0aae5b5bbdd610e8f7e32a30d,push_received,U683CL,11.3.1
2019-12-30,a3499c548ca1b19cde82d289a019cabe,push_received,U683CL,11.3.1
2019-12-31,cfcfd14abd7d305ad8e578a40e4f22e2,push_received,U683CL,11.3.1
2019-12-31,3ad56c37ea0802ba805cd57f36adc526,push_received,U683CL,11.3.1
2019-12-30,b65525192708337c7ceeade0c80c52cc,push_received,U683CL,11.3.1
2019-12-30,ceb4f7c2a2a12d31030ce89c671e1bcf,push_received,U683CL,11.3.1
2019-12-31,e6f53ca19939fbc4ae8156f530e2d2d4,push_received,U683CL,11.3.1
2019-12-30,3b65dad04c620aa111443dfb2d5ae190,push_received,L51,11.3.1
2019-12-30,e444f2441e82c1aa6c69328be483dd48,push_received,U683CL,11.3.1
2019-12-31,89457475f0dfe2aff70bf8c93f5c6853,screen_view,U683CL,11.3.1
2019-12-30,7cf031f7f23e4829aaa3241cd05bf0ae,push_received,U683CL,11.3.1
2019-12-31,2cf4e222bd25152b8ec6851a101b9eb8,push_received,L51,11.3.1
2019-12-30,9bbdaefcc979f331029aa0b6ba9b1a28,push_received,U683CL,11.3.1
2019-12-31,651f2ab2a103260ddf41d25bfafb50f7,push_received,U683CL,11.3.1
2019-12-31,87f003754bb3ef1c4e7b4265b01816ab,user_engagement,U683CL,11.3.1
2019-12-31,2368c0580a21716fac91ca37c3feedf2,user_engagement,U683CL,11.3.1
2019-12-31,a06750581957485f20a54b96f514bb93,push_received,U683CL,11.3.1
2019-12-30,5c25c836b57b547f40daab63cb1ad690,push_received,U683CL,11.3.0
2019-12-31,87df1e88f12f3f1c3852d0973a30eae5,push_received,U683CL,11.3.1
2019-12-31,f5ff1401e5e0203a08b8e078f016f5fa,push_received,U683CL,11.3.1
2019-12-31,8fcb7bcbe8732ca17762e845a299da16,push_received,U683CL,11.3.1
2019-12-30,a554c5f59cb2035a1352ef09e620d784,top_news_swipe,U683CL,11.3.1
2019-12-31,ee409216bbfa9f9980ba469fb1e2ccb4,push_received,U683CL,11.3.1
2019-12-30,6746967ac4fc56b0c19361121c23ac5b,push_received,L51,11.3.1
2019-12-31,e5b31b71748aaab783318152fdc76969,push_received,U683CL,11.3.1
2019-12-30,4f3bf2c7ecaf1b99e7bb1779558c8a01,push_received,U683CL,11.3.1
2019-12-31,36af0d8c23d660fc2066593f65a09d44,push_received,L51,11.3.0
2019-12-30,6e13ebb9275978d9b182154908f628a4,push_received,U683CL,11.3.1
2019-12-30,027f36976648b3bbe8d15e8c5d1a862f,push_received,U683CL,11.3.1
2019-12-31,cccb1eff80b79862ad3fc32ef6c658b9,push_received,L51,11.3.1
2019-12-30,b13ae5f813d1766af28cdbfe0f15bcb5,push_received,U683CL,11.3.1
2019-12-31,2905bf47f80d03b3d0f63ed076e76e24,push_received,U683CL,11.3.1
2019-12-31,e8b2dd1f0e7ca000461c5e9b3f171396,push_received,U683CL,11.3.1
2019-12-30,2fbadb182d0f071e509248b7974ef68f,push_received,U683CL,11.3.1
2019-12-30,6c502876b3a4238165d4e73a1c3f8815,dynamic_item_clicked,U683CL,11.3.1
2019-12-31,08ffa58bdf1614e3b7ac5dfb602062b7,push_received,U683CL,11.3.1
2019-12-31,5e3e0d028ae691b10c4cc69fe5a7ae45,push_received,U683CL,11.3.1
2019-12-30,bcb3cc462b25a3d8853b0999fd58385d,push_received,L51,11.3.1
2019-12-31,d65463f391ff05370f758943ab5789da,push_received,U683CL,11.3.1
2019-12-30,976274d120bb14105c61152ee5109c39,push_received,L51,11.3.1
2019-12-30,86e20617db27487cf8e5abac6b14e3ad,push_received,L51,11.3.1
2019-12-30,fb5e0f529ac2e5e9aeaccd61d8c6ca3e,user_engagement,U683CL,11.3.1
2019-12-30,7da7feafc662f064dda79630fedfb39f,push_received,L51,11.3.1
2019-12-31,c69a32d09e1a261ab00fe92f3ea852f2,push_received,U683CL,11.3.1
2019-12-30,97b64f6c60de1f3c7ac4396f1458ae9e,push_received,L51,11.3.1
2019-12-30,266dfcb5da9309febc1c922505b4de53,push_received,U683CL,11.3.1
2019-12-30,8bca25f55416a7b8bfa925f3ff50fb5c,push_received,L51,11.3.1
2019-12-31,539e0544e1de25c4925f69220b592f4a,push_received,U683CL,11.3.1
2019-12-31,f417f01a1593b47a05c6ba69332be85d,push_received,L51,11.3.1
2019-12-30,fc95c88303a73597ef8c0c2678e4907b,push_received,L51,11.3.1
2019-12-30,98c52a8111b6c52b3114075c54c7c757,push_received,L51,11.3.1
2019-12-31,3b70ac614639cf25b81b683a9f3e7ad5,push_received,U683CL,11.3.1
2019-12-30,50bd684f0889f438a1498a83fafe2c4e,push_received,U683CL,11.3.1
2019-12-30,0fce87dd89f5e0b071d3e2bb2326e0e4,push_received,U683CL,11.3.1
2019-12-31,c26485d5dfa81784fa06a8e9893d3cd9,push_received,U683CL,11.3.1
2019-12-30,9b1c5971ba19718dda6c04ba3c3343ef,push_received,L51,11.3.1
2019-12-30,0215a03f2222d293379f65504362ac46,push_received,U683CL,11.3.1
2019-12-30,76049d2e1be8e7b7ce72f4aa59683ae2,push_received,L51,11.3.1
2019-12-31,5f6dc2287b3aa007c7f7147a2e02983c,push_received,U683CL,11.3.1
2019-12-31,9d218118065bcd13700a0ee1f4e40dbf,push_received,U683CL,11.3.1
2019-12-30,6566e4d88af542609beb8dfef0bdcb2f,push_received,U683CL,11.3.1
2019-12-31,219417932d8103923f3efc3be12000a0,push_received,L51,11.3.0
2019-12-30,7414480a67ebfcb410cef14e2c0b0f74,push_received,L51,11.3.1
2019-12-30,c14d72eaa8f2ce7f0e775633765b6e68,push_received,L51,11.3.1
2019-12-30,a4ade1715c67ea4265a5fc856a32f165,push_received,U683CL,11.3.1
2019-12-30,1ee5bb2b64d48d88a97625e96ecdc0d8,push_received,U683CL,11.3.1
2019-12-30,32101e0d4415bfe4316fea58dfb16e79,push_received,U683CL,11.3.0
2019-12-30,b8c01b101be68cdff6651b9e8f5f9b52,user_engagement,U683CL,11.3.1
2019-12-31,cff6229dc91e2d662ecebbe2e0ca419b,push_received,U683CL,11.3.1
2019-12-31,0a2e7832d5c484845e646a4f1aa940fd,push_received,U683CL,11.3.1
2019-12-31,dac1f78619798cff9fb76b7182816a3e,screen_view,U683CL,11.3.1
2019-12-31,beab36e63c601586c28d3cc1e9833dcb,push_received,U683CL,11.3.1
2019-12-31,d0327a90cf53068ab0f497f993382700,push_received,U683CL,11.3.0
2019-12-31,48332ce55513ab497f6a94f0790d4a23,push_received,U683CL,11.3.0
2019-12-30,f800ca6ec190e46be2cbbc2986d75091,push_received,U683CL,11.3.0
2019-12-30,a564f6504f8cbd9fae812dea37cc6d88,push_received,U683CL,11.3.1
2019-12-31,6b62038146a6e051389a89b4745b38e0,screen_view,U683CL,11.3.1
2019-12-30,d1041c081c543bcae4712e8a27fa2403,screen_view,U683CL,11.3.0
2019-12-31,5799c33c5b4da36cbfface507be823df,push_received,U683CL,11.3.1
2019-12-30,bfede80309e4f3b4b85d868c912f87b6,push_received,U683CL,11.3.1
2019-12-30,cb2b6dab69fd48e2cf6a650a74fa84ad,push_received,U683CL,11.3.1
2019-12-30,376577f2aacaf57552890cc4943830ec,push_received,U683CL,11.3.1
2019-12-30,5c462508f17b9d186f77e51f9d866b89,push_received,L51,11.3.1
2019-12-31,a5c4ef519155d6da95af99274a28266a,push_received,L51,11.3.1
2019-12-31,66156afa1115f7fa194fdff632227da1,push_received,U683CL,11.3.1
2019-12-31,b925f9cc9fac2f71ecfba0b1b258c012,push_received,U683CL,11.3.1
2019-12-31,912b9191eee2f9f35af17ddae9bea90a,push_received,U683CL,11.3.1
2019-12-30,7089a1dd03d87ff68e7e8f24cf6a1b4a,push_received,U683CL,11.3.1
2019-12-30,5016088d3e3292df3587e43e3b77908e,user_engagement,U683CL,11.3.1
2019-12-31,b8b134ddd40d0038eeb01ba6da1f24bd,push_received,L51,11.3.1
2019-12-30,a9b97ede7fe4428d38dfdacc92558d44,push_received,U683CL,11.3.1
2019-12-31,679cc606ef7525ba09709e2f3394d75e,push_received,U683CL,11.3.1
2019-12-30,aa518a10c1c79b970e90a59bc2a1ba13,push_received,U683CL,11.3.0
2019-12-30,667953f5a259096c7c63929dc75a8b2d,push_received,U683CL,11.3.0
2019-12-31,5b56e23c612a0e5f69a311a7b1059a0f,push_received,U683CL,11.3.1
2019-12-31,7424722702bce797f8d98b215fa86725,user_engagement,U683CL,11.3.1
2019-12-31,5f81790497d8cb90665fc6733ba16f8d,push_received,U683CL,11.3.1
2019-12-31,ebcf525eaefc900a6aeada2af4fccd3c,push_received,U683CL,11.3.1
2019-12-31,2732651cd6c9921c9b498fcb1dce3c88,push_received,L51,11.3.1
2019-12-30,df6f18186fe28c8c9222f2a1f035014f,push_received,U683CL,11.3.1
2019-12-31,39da3bf10efd9262715b0989183d45f5,push_received,U683CL,11.3.1
2019-12-30,7f4c1339b7c7c0f7e4ae0f61c1ca8d40,push_received,U683CL,11.3.1
2019-12-30,8447c7aad7e2e3a37faee6f29cdf7d4b,push_received,U683CL,11.3.1
2019-12-30,cdcb1ed25334de57f2113a65fb25b443,push_received,U683CL,11.3.1
2019-12-30,d0873f231a252a70d8837b28509468e7,push_received,L51,11.3.1
2019-12-31,93c6ab9670c34c7c677f05ef3afa8cf1,push_received,U683CL,11.3.1
2019-12-31,3fe150cf9c3f31914f0b756fc7c3c91e,push_received,U683CL,11.3.1
2019-12-30,f39a7fee79b5921d6136d1f1bf124493,top_news_swipe,U683CL,11.3.1
2019-12-31,7c62098caed57f38ce28b2cf1c3e0b5b,push_received,U683CL,11.3.1
2019-12-30,2ae0f5164ac9764ff162f6e1e908cf63,push_received,U683CL,11.3.0
2019-12-30,b911c3cbd5d58186df969c782fda1452,push_received,U683CL,11.3.1
2019-12-31,594e6f895ca81522a8dbd05e90a46326,push_received,U683CL,11.3.1
2019-12-30,1637392baaf8513e43947f5313edef59,user_engagement,L51,11.3.1
2019-12-31,b1891a41626c8f185260ca21e9cf68ca,push_received,U683CL,11.3.1
2019-12-31,84738b72c4b61bd44a1db463d7649e95,push_received,U683CL,11.3.1
2019-12-30,442cc3a08a021457cb33f33a7f98937d,push_received,U683CL,11.3.1
2019-12-31,bf0173eb1c46caddd709581f12ff64d0,user_engagement,U683CL,11.3.1
2019-12-31,5968a1ad4f88f27aceb45928d590d7e7,push_received,U683CL,11.3.1
2019-12-31,f79585030f598e99da3e10fde9b681b4,push_received,U683CL,11.3.1
2019-12-31,d2d94310d2bd43fabd7ec4645dc4b136,user_engagement,L51,11.3.1
2019-12-30,2e9617d9f6a949607f3bd0ee38f34019,push_received,L51,11.3.0
2019-12-31,8371744c2da709b769fd60ddde1058a8,screen_view,U683CL,11.3.1
2019-12-31,85d4b9d7acd8570e89c6956f9412f21e,push_clicked,U683CL,11.3.1
2019-12-30,64bdd0f1d512b31b94e67302c49ec2e6,user_engagement,U683CL,11.3.0
2019-12-31,92b03d1f1aa5f1cba411c92e60ed9daf,push_received,U683CL,11.3.1
2019-12-30,02816c3c7a95819f813b8cf3dfc1e4d8,push_received,U683CL,11.3.0
2019-12-31,31397278a7e9d1efeea1097ba6fdbc4c,model_view,L51,11.3.1
2019-12-30,21ad66fa8e61832732cd284be5607dad,push_clicked,U683CL,11.3.1
2019-12-31,fd76a2aa2fee607ea2167a348a5b6c50,push_received,U683CL,11.3.1
2019-12-31,b1431742cfdb050b1d7f89c695f0c332,push_received,U683CL,11.3.1
2019-12-31,a52ec75ab20659285f74270983c798a3,user_engagement,L51,11.3.1
2019-12-30,5f8773a291807c0c670b2b168886ed92,push_received,U683CL,11.3.1
2019-12-31,9aa9bc6b17f027d865c8558501095d1f,headlines_navigate,U683CL,11.3.1
2019-12-31,6422575d89b788a1deb899d15a6a78de,push_received,U683CL,11.3.1
2019-12-30,1d138befeaac90546a8dc0d6cd299100,session_start,U683CL,11.3.1
2019-12-30,e94cbc9cb783dc188978e5e6a570575a,screen_view,L51,11.3.1
2019-12-31,8063d22087a59747f82dce5b467cb187,push_received,U683CL,11.3.1
2019-12-31,550375aa6c7e52d26f208d9c310c516c,headlines_navigate,U683CL,11.3.1
2019-12-31,61b9658e4d05235849ae221aa852f0b9,push_received,U683CL,11.3.1
2019-12-30,e0f33631eb23687283842eefb0bf3cb7,push_received,SM-A102U,11.3.1
2019-12-30,8e952fff327830afc5178dfd754ae064,push_received,U683CL,11.3.1
2019-12-31,f68470170cb6ce7b141dd4e1d5b591e7,push_received,U683CL,11.3.1
2019-12-31,2f2abf21469436401ef398f76be6f344,push_received,U683CL,11.3.1
2019-12-30,b644561e945e6557b93d57ca0a9697b4,push_received,U683CL,11.3.1
2019-12-30,2faf1c6ce26b97b159cb6fd0b803d530,session_start,L51,11.3.1
2019-12-31,0a8e55093b8f633430012ff20b38d67e,push_received,U683CL,11.3.1
2019-12-31,15a1feb5b392b84769d43ebf6c8365cc,push_received,U683CL,11.3.1
2019-12-30,135052c8e2968edcfe994084f1415016,push_received,U683CL,11.3.1
2019-12-31,9bf5a17cd5b19e7f7d964ff54087d722,screen_view,U683CL,11.3.1
2019-12-30,42e732bb5540f0a803c89fa9fdd8f09b,push_received,L51,11.3.1
2019-12-31,b819de8bffc0b322e18deb53d9e8dfae,push_received,L51,11.3.1
2019-12-31,4ec395ae2ca2c49b2b2a3575d1c5500f,push_received,U683CL,11.3.1
2019-12-31,d5916f5d51ab129964257dbb42fbb1a9,screen_view,U683CL,11.3.1
2019-12-31,a5cfcd371ef26ad9005fc37067a0f31e,push_received,U683CL,11.3.1
2019-12-31,6fec9ffab74f71540e833d073c9e8c7b,push_received,U683CL,11.3.0
2019-12-31,36e7e45151c4c5cbf6686ca408e67e77,push_received,U683CL,11.3.1
2019-12-31,1d603c528eb1a39258bf29aff48b0c39,model_view,U683CL,11.3.1
2019-12-31,f2b1a423118ca8d215b21d0cb278f108,push_received,U683CL,11.3.1
2019-12-31,afc43159cc2297954b7a9c54f49ea847,push_received,U683CL,11.3.1
2019-12-30,2d4a3eec970006d5b5334026cac04704,push_received,L51,11.3.1
2019-12-31,a3742d898bc267ad7953cc312f4219bf,push_received,U683CL,11.3.1
2019-12-30,eec643b2b54ab95e1f4f9427c7606926,push_received,L51,11.3.1
2019-12-30,e79ac36f7d1c75fe11c9097fffc43680,push_received,U683CL,11.3.1
2019-12-30,4efe508fc99f4db692b58b009a32c48f,push_received,U683CL,11.3.1
2019-12-30,cf4d2c104acfd5e5359289c7a986437a,push_received,U683CL,11.3.1
2019-12-30,537d727c7a5ee6a8aef06124c3f42699,push_received,U683CL,11.3.1
2019-12-30,ab50aa3f762b959f1c6b4b4dcd1e198d,push_received,U683CL,11.3.1
2019-12-30,1838a13c907e0c028e05bd25e9446a29,push_received,U683CL,11.3.1
2019-12-30,38012a8f01148446115503017f01fea8,push_received,L51,11.3.1
2019-12-30,c175f25f48b848888b89e666ff77769c,push_received,U683CL,11.3.0
2019-12-30,147afe81d43d6d76884b4bb6f66bf9dd,push_received,L51,11.3.1
2019-12-30,a7d6e4c5b2728fa9d025c249626a2e00,push_received,U683CL,11.3.1
2019-12-31,3c717aa7edbb8f596a9c2b388aee9d14,push_received,U683CL,11.3.1
2019-12-31,80f6b88c601824b9f65ce7a5426b988b,push_received,L51,11.3.0
2019-12-30,25294b03217d6acce5458567ede57b94,push_received,U683CL,11.3.1
2019-12-31,7f57040a6d8ce76fe1dc2f5d86f240a3,push_clicked,U683CL,11.3.1
2019-12-30,a743a0476c51e6a8602dbf1a01ea2497,push_received,U683CL,11.3.1
2019-12-31,bcb3556eb2300c104440aa39c36ea681,push_received,U683CL,11.3.1
2019-12-31,8d862bb7c00c815554f9b83b56048ef4,push_received,U683CL,11.3.1
2019-12-30,a869396c1cd6697ebd7cd1397fc919cf,push_received,L51,11.3.1
2019-12-30,cc4003fb4105186aa5be5ad87ec0b87f,push_received,L51,11.3.1
2019-12-30,cede829e102e9a679c4b4dcb7ad0b089,push_received,L51,11.3.1
2019-12-30,533d051ad5c0207ba402bf3238b91a06,headlines_navigate,L51,11.3.0
2019-12-30,eb81d87517d92027e548cb116eef528a,push_received,U683CL,11.3.1
2019-12-30,607273bda42b6eef5accfef326d27ee5,push_received,U683CL,11.3.1
2019-12-30,f3b360ae63d4c1ac1fee8c57e34f05e8,push_received,U683CL,11.3.1
2019-12-31,d28e59c5866d8cc05cd8058ab7a3d090,push_received,U683CL,11.3.1
2019-12-31,0c787d99acd92bfd6614778197de8090,push_received,U683CL,11.3.1
2019-12-30,c522722db820fb31ef1be20aef267d4e,push_received,U683CL,11.3.1
2019-12-31,736e2439940cbda712439352c66029bb,push_received,U683CL,11.3.1
2019-12-30,4c03516de4802c190172859488d883bb,push_received,U683CL,11.3.1
2019-12-31,8769cb3d03fc044a5ceac2ef072443d3,push_received,U683CL,11.3.1
2019-12-31,08093ce06f9c2cae0d915960b32a270f,push_received,L51,11.3.1
2019-12-30,dc478bebb31ee53d0f0f3cc0aa6b38fd,push_received,U683CL,11.3.1
2019-12-30,6694b373c790f5657825eb8ff83534ac,screen_view,U683CL,11.3.1
2019-12-31,2e1b8cb5c93fafcc6a59cd41305f01ec,push_received,L51,11.3.1
2019-12-30,1af282cf6b7a0b62cd5a3e0410701bda,push_received,U683CL,11.3.1
2019-12-31,6f255da62775639d07c3da399bcba658,push_received,U683CL,11.3.1
2019-12-31,014efa39e41efae402d9809029217142,user_engagement,U683CL,11.3.1
2019-12-31,22ffb2bb271f60d03fbcecd7e225a730,push_clicked,U683CL,11.3.1
2019-12-31,cf9ea8308ed4d1df09e90d0a861c6586,push_received,U683CL,11.3.1
2019-12-31,0c0fc6994fb19cb1d095a3908e8c0f30,push_received,U683CL,11.3.1
2019-12-31,c278067fe851e445a1c3dae1d89ed382,model_view,U683CL,11.3.1
2019-12-30,0018a9a9497b2821994267bbfc64a6b3,screen_view,U683CL,11.3.1
2019-12-31,bc3cf60006fc459faa2a6cc6aaf7f5d9,push_received,U683CL,11.3.1
2019-12-30,1559db9fff321a64d8fc2933665c9f39,push_received,U683CL,11.3.1
2019-12-30,cc5e00d8d4bb9942f91682cf04d9df54,push_received,L51,11.3.1
2019-12-30,b815f73592c8105745a5204ee89afa3a,push_received,U683CL,11.3.1
2019-12-30,889ba0cc7924232e997f82cafbb9be9d,push_received,U683CL,11.3.1
2019-12-30,98adf9376316cb282d12081732ec054b,push_received,L51,11.3.1
2019-12-31,ed10277687589be0e7f39b01ee39235a,push_received,U683CL,11.3.1
2019-12-31,66c9b4eecd83a7f431e65e221198e18c,push_received,L51,11.3.1
2019-12-30,6336ff30aa9276a514c35f16ce6c12b9,user_engagement,L51,11.3.1
2019-12-30,45526c97e425520d04236ad48cd8f233,push_received,U683CL,11.3.1
2019-12-30,aa243111f428f4b9be4f2929db24cee3,push_received,U683CL,11.3.1
2019-12-31,e8ddf7b1b35a098d202772dd2a7536a3,push_received,L51,11.3.1
2019-12-30,8bdb02ae7bc7a0bc47b777c8c70383e3,push_received,U683CL,11.3.1
2019-12-30,df91dc08129db2150bddef73222f2143,push_received,U683CL,11.3.1
2019-12-30,34edf8a203bb32ec84e40e04d63ef10f,push_received,L51,11.3.1
2019-12-30,e32c44f6c8bb04fb4534040b15099c61,push_received,U683CL,11.3.1
2019-12-31,92affbdca974b0ab5e95852b451fd3b1,push_received,U683CL,11.3.1
2019-12-30,0701e02a5fb582a77a9aadd09f088256,push_received,U683CL,11.3.1
2019-12-31,c70a34193389a8579a2e378f922aa799,push_received,U683CL,11.3.1
2019-12-31,7ba17a9441d17aa6e86173c6fdcf38f8,model_view,U683CL,11.3.1
2019-12-31,88544dda7ce4dd2317108226e4c1d836,push_received,U683CL,11.3.1
2019-12-30,0e5d337897e4688e27b0498d33f7df0a,push_received,U683CL,11.3.1
2019-12-30,8f016d385296933d245f7de84da65b1b,push_received,U683CL,11.3.1
2019-12-31,fbfef9362b4b9ba76b6bbfe906a4911e,push_received,U683CL,11.3.0
2019-12-31,65587673e1a6190ccee3a909f8803141,push_received,U683CL,11.3.1
2019-12-31,2889ab59a8f4b04e6478931be464a149,push_received,U683CL,11.3.1
2019-12-31,f5eae5273df8f6a3eb2f517064b89814,push_received,L51,11.3.1
2019-12-30,24fefb227e9a51d83e76d0089a292fe3,top_news_swipe,U683CL,11.3.1
2019-12-31,45778e7783562a0c90cc4bc9ee7bf7d5,push_received,L51,11.3.1
2019-12-31,cef5fef9063742c9de17bf09475880f3,push_received,U683CL,11.3.0
2019-12-30,77643c907b07d633f87ae08c0c11bf03,screen_view,U683CL,11.3.1
2019-12-31,e2d320d895e9f85558d3a18b51ec082f,push_received,L51,11.3.1
2019-12-30,58969f96fe955ebc5a35824a3e63b9d8,session_start,U683CL,11.3.1
2019-12-30,ecc41708bd7b92bd5b3223fadd444232,push_received,U683CL,11.3.1
2019-12-30,6eed4d47d863a7f3b2243b8d4581b269,model_view,U683CL,11.3.1
2019-12-30,948b09e1f00fde5c68e9e53a6a95383a,push_received,U683CL,11.3.1
2019-12-30,5304c4c1b5c43164f2ae3fb60dad84b4,push_received,U683CL,11.3.1
2019-12-31,b9285b13f1215a34c360b73a9586ceb1,push_received,U683CL,11.3.0
2019-12-31,9ff32b93c4f3b328706fb702819ca1d6,push_received,L51,11.3.1
2019-12-30,858adf4e3c181b8a32ee68bea0dbd08f,push_received,U683CL,11.3.1
2019-12-30,6a9d72fcc3827b456e6520386599dd1c,model_view,U683CL,11.3.1
2019-12-30,429ce1917f02b0051007fcab17dd45c8,push_clicked,L51,11.3.1
2019-12-30,1543aed942faabba1c9094390aea6d19,push_received,U683CL,11.3.1
2019-12-31,8a41e30403f2ef3c14f95ca9b28579b3,push_received,L51,11.3.1
2019-12-30,43fcbd8c37550ba7359d1cb0701ba7a0,push_received,U683CL,11.3.1
2019-12-31,777641efcb0686e0c6463f542352b888,screen_view,U683CL,11.3.1
